Date,Units Sold,Inventory Level,Units Ordered,Demand,Price,Competitor Pricing,Discount,Promotion,Epidemic,Seasonality,Weather_Cloudy,Weather_Rainy,Weather_Snowy,Weather_Sunny
2022-01-01,8601,19383,20635,10060,68.67,70.85,6.45,15.0,0,Winter,20.0,0.0,60.0,20.0
2022-01-02,7684,12385,18801,10814,70.38,72.5,7.35,20.0,0,Winter,40.0,0.0,40.0,20.0
2022-01-03,5965,10356,9722,11317,69.79,72.13,9.15,35.0,0,Winter,40.0,0.0,40.0,20.0
2022-01-04,7859,18071,9789,11469,69.84,72.05,10.3,45.0,0,Winter,40.0,0.0,40.0,20.0
2022-01-05,9621,27152,7392,11724,66.82,68.61,14.35,70.0,0,Winter,20.0,0.0,60.0,20.0
2022-01-06,9503,33795,9032,10938,69.6,72.19,7.5,25.0,0,Winter,0.0,0.0,60.0,40.0
2022-01-07,10045,33357,9413,11584,69.5,71.94,10.0,40.0,0,Winter,40.0,0.0,40.0,20.0
2022-01-08,9980,33295,11944,12060,69.11,71.3,12.55,60.0,0,Winter,40.0,0.0,40.0,20.0
2022-01-09,9661,31253,8547,11427,70.95,72.82,7.75,15.0,0,Winter,40.0,0.0,0.0,60.0
2022-01-10,9928,31528,10209,11523,70.62,72.73,8.85,30.0,0,Winter,100.0,0.0,0.0,0.0
2022-01-11,9957,31511,13993,12104,70.57,73.32,10.0,40.0,0,Winter,60.0,0.0,0.0,40.0
2022-01-12,9279,30213,8996,11019,67.69,68.34,10.3,40.0,0,Winter,0.0,0.0,80.0,20.0
2022-01-13,9904,33647,8626,10990,68.91,68.71,10.8,40.0,0,Winter,100.0,0.0,0.0,0.0
2022-01-14,9507,32696,10580,11399,69.98,70.48,9.0,30.0,0,Winter,40.0,0.0,20.0,40.0
2022-01-15,9566,35544,8274,11436,69.44,71.93,9.35,30.0,0,Winter,0.0,0.0,40.0,60.0
2022-01-16,9218,35096,6141,10629,68.14,69.96,9.3,35.0,0,Winter,40.0,0.0,40.0,20.0
2022-01-17,10074,36996,10469,12036,68.6,72.53,9.95,45.0,0,Winter,20.0,0.0,40.0,40.0
2022-01-18,9444,35068,7809,10651,66.44,68.14,10.5,45.0,0,Winter,40.0,0.0,60.0,0.0
2022-01-19,8689,32049,10119,10878,69.7,69.93,7.6,25.0,0,Winter,40.0,0.0,40.0,20.0
2022-01-20,9489,34501,8713,10822,67.66,69.78,10.25,40.0,0,Winter,20.0,0.0,60.0,20.0
2022-01-21,9905,30812,9881,11327,69.5,70.83,9.5,35.0,0,Winter,0.0,0.0,40.0,60.0
2022-01-22,9908,30736,10913,12024,69.67,72.83,10.95,50.0,0,Winter,20.0,0.0,20.0,60.0
2022-01-23,8721,30700,9730,10515,68.2,71.48,8.85,35.0,0,Winter,40.0,0.0,40.0,20.0
2022-01-24,8822,28804,8005,10570,68.13,69.62,10.25,40.0,0,Winter,40.0,0.0,40.0,20.0
2022-01-25,8434,30217,5866,9818,67.62,69.65,7.65,25.0,0,Winter,20.0,0.0,80.0,0.0
2022-01-26,9271,33946,8819,10584,68.33,69.16,9.2,35.0,0,Winter,60.0,0.0,40.0,0.0
2022-01-27,9276,34945,10619,10659,67.75,70.77,9.25,35.0,0,Winter,60.0,0.0,40.0,0.0
2022-01-28,8945,30835,7979,10522,69.38,70.19,7.25,20.0,0,Winter,20.0,0.0,40.0,40.0
2022-01-29,9655,28841,10407,11064,73.5,74.52,4.85,0.0,0,Winter,20.0,0.0,0.0,80.0
2022-01-30,7992,28792,7351,9553,69.29,71.37,5.25,0.0,0,Winter,40.0,0.0,60.0,0.0
2022-01-31,8592,31220,7837,10028,70.41,71.88,5.3,0.0,0,Winter,60.0,0.0,0.0,40.0
2022-02-01,9599,32532,9636,10791,67.29,67.56,10.85,50.0,0,Winter,0.0,0.0,100.0,0.0
2022-02-02,10746,31592,15414,12698,69.84,73.79,11.7,50.0,0,Winter,40.0,0.0,0.0,60.0
2022-02-03,10531,28180,15522,12779,69.52,71.78,13.05,60.0,0,Winter,80.0,0.0,0.0,20.0
2022-02-04,9757,28688,7278,11363,71.99,73.43,7.1,20.0,0,Winter,20.0,0.0,40.0,40.0
2022-02-05,10085,28893,9937,11914,70.18,71.98,9.75,35.0,0,Winter,40.0,0.0,0.0,60.0
2022-02-06,9298,35141,8468,11354,69.18,71.0,8.6,25.0,0,Winter,40.0,0.0,20.0,40.0
2022-02-07,9472,37739,9065,11024,69.54,70.93,9.4,35.0,0,Winter,0.0,0.0,60.0,40.0
2022-02-08,10074,34732,6623,11473,68.97,70.37,10.05,40.0,0,Winter,0.0,0.0,60.0,40.0
2022-02-09,10699,34123,11539,12391,72.12,73.3,8.8,30.0,0,Winter,20.0,0.0,0.0,80.0
2022-02-10,9761,34083,12189,11510,70.44,71.73,8.85,30.0,0,Winter,40.0,0.0,20.0,40.0
2022-02-11,9615,31455,8952,11491,72.4,73.73,6.8,15.0,0,Winter,20.0,0.0,20.0,60.0
2022-02-12,9918,30529,12472,12058,71.76,72.98,9.2,30.0,0,Winter,20.0,0.0,40.0,40.0
2022-02-13,8646,31186,7406,10607,67.49,70.52,10.05,40.0,0,Winter,40.0,0.0,60.0,0.0
2022-02-14,10173,35158,10441,12494,68.7,70.19,13.7,65.0,0,Winter,40.0,0.0,40.0,20.0
2022-02-15,9453,34876,7775,10727,67.58,67.66,10.65,45.0,0,Winter,20.0,0.0,80.0,0.0
2022-02-16,9800,34169,10574,11804,71.59,73.31,9.55,35.0,0,Winter,40.0,0.0,20.0,40.0
2022-02-17,9428,33924,6626,10857,69.78,73.07,8.55,30.0,0,Winter,40.0,0.0,20.0,40.0
2022-02-18,10017,34061,9633,11757,72.82,74.93,7.45,20.0,0,Winter,0.0,0.0,0.0,100.0
2022-02-19,10253,33834,10315,11873,71.45,73.93,8.2,30.0,0,Winter,40.0,0.0,0.0,60.0
2022-02-20,9483,31941,8338,11170,69.56,70.49,8.9,40.0,0,Winter,40.0,0.0,20.0,40.0
2022-02-21,9242,32379,7000,10619,68.35,69.13,10.15,40.0,0,Winter,40.0,0.0,40.0,20.0
2022-02-22,8861,31870,13090,10973,70.07,72.42,8.15,20.0,0,Winter,20.0,0.0,20.0,60.0
2022-02-23,9999,29240,9656,11769,70.14,71.46,9.55,40.0,0,Winter,0.0,0.0,40.0,60.0
2022-02-24,8940,30867,7520,10232,67.54,68.69,9.5,40.0,0,Winter,20.0,0.0,80.0,0.0
2022-02-25,8900,29075,7243,10152,69.18,71.15,8.0,25.0,0,Winter,40.0,0.0,60.0,0.0
2022-02-26,9367,30630,7522,10514,69.18,70.53,8.1,25.0,0,Winter,80.0,0.0,20.0,0.0
2022-02-27,10040,31154,17100,12841,69.79,72.19,12.25,55.0,0,Winter,0.0,0.0,40.0,60.0
2022-02-28,8951,29612,7214,10648,69.09,70.63,8.75,30.0,0,Winter,40.0,0.0,60.0,0.0
2022-03-01,10050,29750,8935,11914,70.56,73.04,8.75,35.0,0,Spring,0.0,20.0,0.0,80.0
2022-03-02,8775,31254,9303,10250,68.28,69.74,7.5,20.0,0,Spring,80.0,20.0,0.0,0.0
2022-03-03,10192,31423,10980,11758,70.22,71.84,9.15,35.0,0,Spring,0.0,40.0,0.0,60.0
2022-03-04,10323,31544,13493,12275,72.19,72.78,8.6,35.0,0,Spring,60.0,0.0,0.0,40.0
2022-03-05,10557,30709,11676,12275,70.48,73.82,9.85,35.0,0,Spring,20.0,20.0,0.0,60.0
2022-03-06,9349,31349,6166,11354,69.95,73.14,9.05,30.0,0,Spring,20.0,60.0,0.0,20.0
2022-03-07,9916,31283,9512,11452,68.71,69.53,10.25,40.0,0,Spring,40.0,20.0,0.0,40.0
2022-03-08,10365,34556,9238,11498,69.35,72.06,9.1,30.0,0,Spring,80.0,0.0,0.0,20.0
2022-03-09,9960,33328,11691,11929,70.14,70.78,9.75,40.0,0,Spring,0.0,40.0,0.0,60.0
2022-03-10,9335,33094,8423,10574,66.77,69.79,9.85,35.0,0,Spring,0.0,100.0,0.0,0.0
2022-03-11,9495,31759,7226,10640,67.74,69.54,8.9,35.0,0,Spring,20.0,80.0,0.0,0.0
2022-03-12,11518,31059,15402,12860,69.81,72.67,11.55,45.0,0,Spring,40.0,0.0,0.0,60.0
2022-03-13,9555,30770,9526,11547,70.48,71.82,8.9,30.0,0,Spring,0.0,20.0,0.0,80.0
2022-03-14,8768,31642,7833,10779,68.78,70.67,8.2,25.0,0,Spring,80.0,20.0,0.0,0.0
2022-03-15,10246,33006,9365,11765,70.12,71.55,10.4,45.0,0,Spring,0.0,40.0,0.0,60.0
2022-03-16,9999,34216,9334,11852,68.31,69.91,11.25,45.0,0,Spring,40.0,40.0,0.0,20.0
2022-03-17,9433,34446,10274,11421,68.71,69.4,9.7,40.0,0,Spring,60.0,20.0,0.0,20.0
2022-03-18,9402,33486,7903,10765,68.74,68.73,8.7,35.0,0,Spring,0.0,80.0,0.0,20.0
2022-03-19,8776,31810,9749,10226,67.11,68.42,8.95,30.0,0,Spring,40.0,60.0,0.0,0.0
2022-03-20,10568,30250,12899,12298,71.68,72.83,9.4,40.0,0,Spring,0.0,40.0,0.0,60.0
2022-03-21,9938,31175,10376,12065,72.28,72.98,7.25,20.0,0,Spring,0.0,0.0,0.0,100.0
2022-03-22,8670,33427,4274,9826,66.47,69.51,8.6,30.0,0,Spring,20.0,80.0,0.0,0.0
2022-03-23,9906,32975,11364,11547,69.51,70.62,8.5,30.0,0,Spring,0.0,40.0,0.0,60.0
2022-03-24,9808,33620,11486,11509,70.38,72.57,7.65,25.0,0,Spring,0.0,20.0,0.0,80.0
2022-03-25,10629,32938,10559,12256,69.29,72.07,11.5,55.0,0,Spring,80.0,0.0,0.0,20.0
2022-03-26,10576,29755,11351,12575,68.99,72.07,11.5,50.0,0,Spring,60.0,0.0,0.0,40.0
2022-03-27,11169,32055,13753,12922,71.54,73.69,10.7,45.0,0,Spring,0.0,20.0,0.0,80.0
2022-03-28,9288,32345,5560,10248,66.07,67.34,10.25,40.0,0,Spring,0.0,100.0,0.0,0.0
2022-03-29,9388,32155,7971,10863,73.09,73.05,4.45,0.0,0,Spring,40.0,20.0,0.0,40.0
2022-03-30,8982,36078,5529,9902,68.3,70.7,5.45,0.0,0,Spring,80.0,20.0,0.0,0.0
2022-03-31,8816,34923,7852,10028,70.82,72.85,4.4,0.0,0,Spring,20.0,60.0,0.0,20.0
2022-04-01,10273,30509,17039,12130,70.58,71.46,9.75,45.0,0,Spring,40.0,20.0,0.0,40.0
2022-04-02,9787,30194,7371,11258,68.37,70.21,9.9,35.0,0,Spring,0.0,60.0,0.0,40.0
2022-04-03,9379,30702,8805,11205,69.15,72.01,8.6,30.0,0,Spring,80.0,0.0,0.0,20.0
2022-04-04,8970,30493,7682,10342,65.88,68.17,11.3,45.0,0,Spring,40.0,60.0,0.0,0.0
2022-04-05,9703,32428,9969,11118,69.02,70.53,9.7,35.0,0,Spring,60.0,40.0,0.0,0.0
2022-04-06,10275,30866,11637,12730,70.23,71.6,12.0,55.0,0,Spring,80.0,0.0,0.0,20.0
2022-04-07,10231,29323,10286,11670,69.84,72.32,10.05,40.0,0,Spring,20.0,20.0,0.0,60.0
2022-04-08,10259,30287,11072,12304,69.14,72.03,11.3,55.0,0,Spring,0.0,40.0,0.0,60.0
2022-04-09,8893,28379,4985,10240,67.59,68.93,9.1,30.0,0,Spring,40.0,40.0,0.0,20.0
2022-04-10,9237,29873,9796,10442,69.09,72.22,7.25,15.0,0,Spring,60.0,40.0,0.0,0.0
2022-04-11,9946,29570,12033,11989,69.39,71.06,10.85,45.0,0,Spring,40.0,20.0,0.0,40.0
2022-04-12,10528,29962,12522,12767,69.95,70.73,12.45,55.0,0,Spring,40.0,0.0,0.0,60.0
2022-04-13,10028,30066,8441,11980,70.81,71.56,10.15,35.0,0,Spring,40.0,0.0,0.0,60.0
2022-04-14,9226,30146,8803,10815,70.16,73.04,7.6,20.0,0,Spring,20.0,40.0,0.0,40.0
2022-04-15,9632,30814,11724,11805,71.16,71.29,9.05,30.0,0,Spring,0.0,20.0,0.0,80.0
2022-04-16,8750,32403,8405,10107,68.06,68.32,9.55,35.0,0,Spring,20.0,60.0,0.0,20.0
2022-04-17,10089,31374,11736,11537,70.14,71.79,9.55,35.0,0,Spring,60.0,0.0,0.0,40.0
2022-04-18,10083,32290,10346,11676,69.94,72.9,8.3,30.0,0,Spring,80.0,0.0,0.0,20.0
2022-04-19,10136,32950,11432,12301,69.45,71.53,11.7,50.0,0,Spring,40.0,20.0,0.0,40.0
2022-04-20,10467,33396,10103,12362,72.02,74.23,9.45,30.0,0,Spring,20.0,20.0,0.0,60.0
2022-04-21,8888,33545,5054,10197,67.0,68.16,10.15,40.0,0,Spring,0.0,100.0,0.0,0.0
2022-04-22,8656,35989,6755,10163,69.32,70.43,6.25,15.0,0,Spring,0.0,80.0,0.0,20.0
2022-04-23,6010,35542,2532,6686,61.43,62.5,7.8,20.0,1,Spring,20.0,0.0,0.0,80.0
2022-04-24,6398,35909,3789,7357,59.2,61.6,11.2,45.0,1,Spring,0.0,60.0,0.0,40.0
2022-04-25,6842,33321,6325,7732,61.1,61.93,10.55,40.0,1,Spring,0.0,20.0,0.0,80.0
2022-04-26,5602,31349,3646,6201,59.8,61.95,6.95,20.0,1,Spring,20.0,80.0,0.0,0.0
2022-04-27,5782,29728,4359,6825,60.61,60.8,9.1,30.0,1,Spring,20.0,40.0,0.0,40.0
2022-04-28,5854,27478,5067,6834,59.74,60.21,9.8,40.0,1,Spring,60.0,20.0,0.0,20.0
2022-04-29,5578,28214,5227,6294,61.88,62.8,4.9,0.0,1,Spring,0.0,40.0,0.0,60.0
2022-04-30,5310,26101,2433,6009,61.24,62.2,4.25,0.0,1,Spring,0.0,40.0,0.0,60.0
2022-05-01,6289,25100,8966,6875,58.63,60.15,11.1,50.0,1,Spring,40.0,20.0,0.0,40.0
2022-05-02,5816,24314,7188,6819,61.21,63.41,7.55,25.0,1,Spring,0.0,60.0,0.0,40.0
2022-05-03,5941,23345,3938,6818,61.26,63.65,7.55,20.0,1,Spring,20.0,20.0,0.0,60.0
2022-05-04,5765,21767,4920,6766,59.35,59.85,10.4,35.0,1,Spring,60.0,20.0,0.0,20.0
2022-05-05,6417,25728,5079,7077,61.53,62.59,7.9,20.0,1,Spring,40.0,40.0,0.0,20.0
2022-05-06,6393,23692,7217,7419,60.31,61.03,10.35,45.0,1,Spring,0.0,40.0,0.0,60.0
2022-05-07,6278,21893,5716,6856,61.23,61.98,8.2,25.0,1,Spring,20.0,40.0,0.0,40.0
2022-05-08,5980,20473,7496,7269,61.38,62.9,8.5,30.0,1,Spring,40.0,40.0,0.0,20.0
2022-05-09,5833,21305,5786,6669,60.7,61.15,7.7,20.0,1,Spring,80.0,0.0,0.0,20.0
2022-05-10,6205,22374,6998,7088,60.18,60.25,9.3,30.0,1,Spring,0.0,40.0,0.0,60.0
2022-05-11,5906,21385,6961,6982,61.13,63.05,8.15,30.0,1,Spring,80.0,0.0,0.0,20.0
2022-05-12,5649,22746,4823,6443,59.12,59.68,9.15,35.0,1,Spring,40.0,60.0,0.0,0.0
2022-05-13,5765,23629,7264,6694,59.8,61.95,8.65,35.0,1,Spring,0.0,40.0,0.0,60.0
2022-05-14,6192,22122,3916,7077,59.7,61.05,10.65,45.0,1,Spring,40.0,60.0,0.0,0.0
2022-05-15,5998,23025,7291,7169,60.32,61.72,10.1,45.0,1,Spring,60.0,0.0,0.0,40.0
2022-05-16,6130,24455,5555,6924,60.52,61.43,9.35,30.0,1,Spring,20.0,40.0,0.0,40.0
2022-05-17,6411,23892,6844,7295,60.53,61.47,9.7,40.0,1,Spring,20.0,20.0,0.0,60.0
2022-05-18,5242,22717,3442,6297,58.18,59.95,9.7,40.0,1,Spring,80.0,20.0,0.0,0.0
2022-05-19,6075,25282,5979,7137,60.26,60.88,10.2,45.0,1,Spring,60.0,40.0,0.0,0.0
2022-05-20,6745,24798,9027,7658,59.0,61.0,12.2,55.0,1,Spring,60.0,20.0,0.0,20.0
2022-05-21,6038,22109,5398,6776,60.49,63.58,9.1,40.0,1,Spring,40.0,40.0,0.0,20.0
2022-05-22,5981,20159,6840,7083,61.48,62.28,8.05,20.0,1,Spring,40.0,0.0,0.0,60.0
2022-05-23,5471,23044,5722,6715,60.41,62.18,8.85,35.0,1,Spring,40.0,60.0,0.0,0.0
2022-05-24,6095,25224,3812,6729,60.74,62.24,9.1,35.0,1,Spring,40.0,60.0,0.0,0.0
2022-05-25,6510,23385,8484,7250,61.07,61.18,10.85,50.0,1,Spring,60.0,0.0,0.0,40.0
2022-05-26,8697,23450,15554,10744,67.82,68.27,10.75,40.0,0,Spring,0.0,60.0,0.0,40.0
2022-05-27,9571,22807,14396,12001,68.8,70.25,11.7,50.0,0,Spring,80.0,0.0,0.0,20.0
2022-05-28,9424,21943,8664,11180,68.16,69.03,9.6,30.0,0,Spring,40.0,20.0,0.0,40.0
2022-05-29,8845,24968,7883,10770,71.68,74.67,4.65,0.0,0,Spring,60.0,0.0,0.0,40.0
2022-05-30,9196,32541,7206,10253,70.23,71.23,5.3,0.0,0,Spring,60.0,20.0,0.0,20.0
2022-05-31,9091,30517,8348,10279,71.33,73.83,4.7,0.0,0,Spring,80.0,20.0,0.0,0.0
2022-06-01,9544,28555,12434,11408,67.6,70.94,11.45,50.0,0,Summer,40.0,60.0,0.0,0.0
2022-06-02,10039,27349,14080,11872,71.65,72.17,8.5,25.0,0,Summer,40.0,20.0,0.0,40.0
2022-06-03,9818,26089,12127,12073,72.95,73.65,9.1,30.0,0,Summer,20.0,20.0,0.0,60.0
2022-06-04,9170,28360,10710,11415,70.6,71.24,8.6,35.0,0,Summer,40.0,40.0,0.0,20.0
2022-06-05,9145,30915,6208,11067,70.96,72.56,6.8,20.0,0,Summer,60.0,40.0,0.0,0.0
2022-06-06,9561,36299,8803,10831,67.44,68.25,9.3,25.0,0,Summer,20.0,80.0,0.0,0.0
2022-06-07,8889,35624,6064,9906,68.51,69.42,7.5,20.0,0,Summer,0.0,100.0,0.0,0.0
2022-06-08,10667,35555,17737,12552,70.77,72.85,10.4,45.0,0,Summer,20.0,40.0,0.0,40.0
2022-06-09,9669,33147,6231,11729,69.09,69.8,9.95,35.0,0,Summer,80.0,20.0,0.0,0.0
2022-06-10,9891,31505,7400,11905,70.57,71.83,8.9,35.0,0,Summer,40.0,40.0,0.0,20.0
2022-06-11,11391,34853,13407,13048,71.86,73.94,8.6,30.0,0,Summer,0.0,20.0,0.0,80.0
2022-06-12,10883,35546,13922,12724,72.12,74.73,8.55,30.0,0,Summer,40.0,20.0,0.0,40.0
2022-06-13,9602,29511,7829,11706,69.55,70.67,10.05,35.0,0,Summer,20.0,60.0,0.0,20.0
2022-06-14,10181,30483,9492,12055,70.62,72.7,8.3,20.0,0,Summer,0.0,40.0,0.0,60.0
2022-06-15,10798,33606,12097,12542,68.68,71.14,12.05,55.0,0,Summer,20.0,60.0,0.0,20.0
2022-06-16,9928,34221,8220,11116,67.65,68.86,9.45,45.0,0,Summer,20.0,80.0,0.0,0.0
2022-06-17,10361,34156,11399,12536,72.18,73.48,8.7,30.0,0,Summer,20.0,40.0,0.0,40.0
2022-06-18,9321,33828,8147,10856,66.29,70.08,11.65,45.0,0,Summer,60.0,40.0,0.0,0.0
2022-06-19,10430,34342,9587,12114,69.06,73.09,10.45,45.0,0,Summer,60.0,40.0,0.0,0.0
2022-06-20,10095,33598,11026,12511,68.44,69.75,11.6,50.0,0,Summer,100.0,0.0,0.0,0.0
2022-06-21,10644,32775,12813,12745,72.46,74.5,8.55,30.0,0,Summer,60.0,0.0,0.0,40.0
2022-06-22,10749,32840,8323,12555,70.49,73.41,11.25,50.0,0,Summer,40.0,20.0,0.0,40.0
2022-06-23,9380,33108,5888,10832,68.41,68.53,9.1,30.0,0,Summer,20.0,60.0,0.0,20.0
2022-06-24,10006,33535,11680,11949,70.87,72.03,9.0,35.0,0,Summer,0.0,40.0,0.0,60.0
2022-06-25,10248,33675,12056,12097,71.08,70.79,9.5,35.0,0,Summer,60.0,40.0,0.0,0.0
2022-06-26,11178,31029,12909,13349,71.37,74.74,12.45,60.0,0,Summer,20.0,20.0,0.0,60.0
2022-06-27,9709,30864,8649,11636,70.75,74.41,7.75,25.0,0,Summer,20.0,40.0,0.0,40.0
2022-06-28,10510,30184,8772,11950,71.02,72.43,8.85,30.0,0,Summer,60.0,0.0,0.0,40.0
2022-06-29,5461,32195,3657,6338,61.45,63.58,5.3,0.0,1,Summer,40.0,40.0,0.0,20.0
2022-06-30,5548,37319,2145,6308,61.94,63.0,4.55,0.0,1,Summer,0.0,80.0,0.0,20.0
2022-07-01,5774,37854,4205,6760,60.75,62.21,8.25,25.0,1,Summer,40.0,40.0,0.0,20.0
2022-07-02,5552,35178,2554,6408,59.36,62.13,8.7,35.0,1,Summer,20.0,80.0,0.0,0.0
2022-07-03,6701,34287,6634,7698,61.95,64.11,9.4,35.0,1,Summer,20.0,20.0,0.0,60.0
2022-07-04,6950,32167,5724,7834,62.61,63.96,8.2,25.0,1,Summer,20.0,20.0,0.0,60.0
2022-07-05,5841,28430,4594,7014,59.96,62.52,10.15,45.0,1,Summer,20.0,60.0,0.0,20.0
2022-07-06,6479,27512,5390,7516,62.18,63.36,8.35,30.0,1,Summer,0.0,80.0,0.0,20.0
2022-07-07,6788,26469,6698,7819,62.46,64.46,9.45,35.0,1,Summer,40.0,20.0,0.0,40.0
2022-07-08,6774,26217,7802,7804,63.12,62.49,8.25,25.0,1,Summer,40.0,0.0,0.0,60.0
2022-07-09,6095,24178,7300,7485,60.87,62.05,11.35,45.0,1,Summer,40.0,60.0,0.0,0.0
2022-07-10,6661,23678,5524,7656,62.3,63.7,8.4,30.0,1,Summer,80.0,0.0,0.0,20.0
2022-07-11,6257,22940,5364,7186,60.08,61.66,10.4,40.0,1,Summer,60.0,20.0,0.0,20.0
2022-07-12,6271,24453,5215,7348,61.64,64.06,8.0,25.0,1,Summer,40.0,20.0,0.0,40.0
2022-07-13,6716,25104,7149,7672,62.67,65.22,7.8,30.0,1,Summer,0.0,20.0,0.0,80.0
2022-07-14,6465,25357,6208,7304,60.38,61.68,9.95,40.0,1,Summer,60.0,20.0,0.0,20.0
2022-07-15,6380,22792,6377,7261,59.18,59.8,10.7,40.0,1,Summer,20.0,60.0,0.0,20.0
2022-07-16,6267,21708,6435,7406,61.91,63.58,9.1,30.0,1,Summer,40.0,20.0,0.0,40.0
2022-07-17,6510,22013,7639,7834,61.25,62.57,9.85,40.0,1,Summer,60.0,20.0,0.0,20.0
2022-07-18,6005,25197,4940,6716,62.42,64.76,6.55,10.0,1,Summer,40.0,40.0,0.0,20.0
2022-07-19,6180,24756,5694,7024,60.95,60.69,8.95,25.0,1,Summer,40.0,60.0,0.0,0.0
2022-07-20,6208,24316,7131,6911,60.57,62.01,8.35,25.0,1,Summer,0.0,80.0,0.0,20.0
2022-07-21,5975,24008,5908,6806,59.37,59.89,8.75,30.0,1,Summer,40.0,60.0,0.0,0.0
2022-07-22,6660,22613,5168,7803,60.74,64.19,11.3,55.0,1,Summer,40.0,20.0,0.0,40.0
2022-07-23,7466,23036,10623,8630,62.64,64.85,11.6,55.0,1,Summer,20.0,0.0,0.0,80.0
2022-07-24,5703,22170,5174,7046,58.82,59.47,11.25,50.0,1,Summer,20.0,80.0,0.0,0.0
2022-07-25,9478,23313,18666,11443,68.43,69.69,10.9,45.0,0,Summer,20.0,60.0,0.0,20.0
2022-07-26,10501,22897,18054,13772,71.97,72.48,11.25,50.0,0,Summer,0.0,20.0,0.0,80.0
2022-07-27,9476,24104,10559,12475,69.96,73.16,10.95,50.0,0,Summer,40.0,60.0,0.0,0.0
2022-07-28,9709,27560,10605,12347,70.86,74.4,9.7,30.0,0,Summer,0.0,20.0,0.0,80.0
2022-07-29,8366,32096,5611,9962,69.96,72.88,4.3,0.0,0,Summer,20.0,80.0,0.0,0.0
2022-07-30,9827,39136,7784,11425,72.59,75.47,5.25,0.0,0,Summer,20.0,40.0,0.0,40.0
2022-07-31,10122,37311,8248,11371,73.78,75.61,4.3,0.0,0,Summer,20.0,20.0,0.0,60.0
2022-08-01,9543,36387,8035,11018,70.11,72.06,7.8,20.0,0,Summer,0.0,60.0,0.0,40.0
2022-08-02,9997,34010,9371,11890,67.73,69.8,11.8,50.0,0,Summer,40.0,40.0,0.0,20.0
2022-08-03,10465,32970,12794,12460,71.68,72.43,9.7,40.0,0,Summer,40.0,20.0,0.0,40.0
2022-08-04,10541,31919,10905,12061,69.99,71.89,9.15,40.0,0,Summer,20.0,40.0,0.0,40.0
2022-08-05,10100,28628,10590,11758,70.89,71.38,9.2,35.0,0,Summer,80.0,20.0,0.0,0.0
2022-08-06,10198,30567,9934,12528,73.48,74.92,8.4,25.0,0,Summer,20.0,20.0,0.0,60.0
2022-08-07,10271,29998,11119,12199,69.32,71.48,11.1,40.0,0,Summer,60.0,40.0,0.0,0.0
2022-08-08,9864,31807,9698,11325,69.4,69.82,10.15,40.0,0,Summer,20.0,80.0,0.0,0.0
2022-08-09,11119,31204,12163,12839,71.71,74.41,9.1,40.0,0,Summer,0.0,40.0,0.0,60.0
2022-08-10,9437,30603,10423,11145,68.72,69.89,9.35,35.0,0,Summer,20.0,60.0,0.0,20.0
2022-08-11,9843,33284,8881,11421,69.95,72.34,8.15,25.0,0,Summer,80.0,20.0,0.0,0.0
2022-08-12,9735,34070,12076,11440,69.77,71.36,8.45,30.0,0,Summer,60.0,20.0,0.0,20.0
2022-08-13,9875,33822,8365,11353,70.1,70.18,9.6,30.0,0,Summer,60.0,40.0,0.0,0.0
2022-08-14,10129,36742,9928,12114,70.7,72.3,9.65,35.0,0,Summer,20.0,20.0,0.0,60.0
2022-08-15,10490,37547,7976,11844,70.48,72.17,9.55,35.0,0,Summer,60.0,40.0,0.0,0.0
2022-08-16,10647,34354,12349,12029,69.43,70.91,11.2,45.0,0,Summer,40.0,40.0,0.0,20.0
2022-08-17,10456,31292,13016,12606,71.13,73.79,8.85,30.0,0,Summer,80.0,0.0,0.0,20.0
2022-08-18,10261,30755,8593,12655,70.82,74.51,10.0,35.0,0,Summer,0.0,20.0,0.0,80.0
2022-08-19,9393,35224,6423,10975,68.32,71.06,10.25,40.0,0,Summer,40.0,60.0,0.0,0.0
2022-08-20,10093,34799,11128,12221,71.29,74.26,9.05,35.0,0,Summer,40.0,40.0,0.0,20.0
2022-08-21,10332,35404,10011,12185,69.93,71.13,9.7,35.0,0,Summer,40.0,20.0,0.0,40.0
2022-08-22,10836,34313,13507,12012,71.26,75.39,8.25,30.0,0,Summer,0.0,60.0,0.0,40.0
2022-08-23,10428,32532,9023,12313,72.81,75.02,7.75,25.0,0,Summer,60.0,0.0,0.0,40.0
2022-08-24,9829,31599,7151,11611,69.94,71.3,9.25,35.0,0,Summer,40.0,40.0,0.0,20.0
2022-08-25,11555,32888,16314,13494,72.32,75.01,10.6,45.0,0,Summer,20.0,20.0,0.0,60.0
2022-08-26,10261,33539,8599,11971,70.34,72.03,10.25,45.0,0,Summer,40.0,60.0,0.0,0.0
2022-08-27,10971,31527,10866,13033,72.01,75.75,9.35,30.0,0,Summer,40.0,20.0,0.0,40.0
2022-08-28,11295,32329,12089,13021,71.81,73.6,11.05,50.0,0,Summer,40.0,20.0,0.0,40.0
2022-08-29,9378,32684,6000,10782,71.41,72.69,4.9,0.0,0,Summer,40.0,60.0,0.0,0.0
2022-08-30,9732,33936,8338,11228,73.03,74.77,4.3,0.0,0,Summer,80.0,0.0,0.0,20.0
2022-08-31,9631,31523,8207,10906,72.33,74.1,4.5,0.0,0,Summer,40.0,40.0,0.0,20.0
2022-09-01,9577,32386,11494,11246,67.29,67.35,12.55,55.0,0,Autumn,20.0,40.0,20.0,20.0
2022-09-02,9962,30418,11963,11928,71.59,72.89,8.4,35.0,0,Autumn,0.0,0.0,20.0,80.0
2022-09-03,10090,29438,8288,11810,70.42,73.34,8.05,25.0,0,Autumn,0.0,20.0,20.0,60.0
2022-09-04,9907,31110,12715,12040,69.7,70.71,10.7,45.0,0,Autumn,60.0,0.0,20.0,20.0
2022-09-05,9434,32837,6228,10762,68.92,68.32,9.15,30.0,0,Autumn,20.0,0.0,60.0,20.0
2022-09-06,9725,31198,11429,11273,68.65,70.98,9.95,40.0,0,Autumn,0.0,0.0,40.0,60.0
2022-09-07,8756,29878,7165,10577,68.88,70.53,8.65,25.0,0,Autumn,20.0,20.0,20.0,40.0
2022-09-08,9002,34725,8762,10650,67.3,69.54,10.15,40.0,0,Autumn,40.0,0.0,40.0,20.0
2022-09-09,9624,32604,10348,10980,66.58,68.01,11.8,50.0,0,Autumn,60.0,0.0,20.0,20.0
2022-09-10,8596,30799,7171,9945,68.08,70.82,6.9,15.0,0,Autumn,0.0,20.0,40.0,40.0
2022-09-11,9813,30710,10205,11279,69.84,72.32,9.65,40.0,0,Autumn,80.0,0.0,0.0,20.0
2022-09-12,8536,32076,8174,9804,68.56,69.62,6.15,15.0,0,Autumn,20.0,20.0,60.0,0.0
2022-09-13,9033,31046,7581,10275,68.75,68.83,7.9,25.0,0,Autumn,0.0,60.0,20.0,20.0
2022-09-14,8821,30972,9386,10313,66.78,68.37,11.1,45.0,0,Autumn,20.0,60.0,20.0,0.0
2022-09-15,10164,29762,10489,12000,71.77,73.11,9.45,40.0,0,Autumn,40.0,0.0,0.0,60.0
2022-09-16,9394,31162,9461,10783,68.93,69.86,9.95,40.0,0,Autumn,0.0,0.0,60.0,40.0
2022-09-17,9744,32244,7619,11014,69.0,71.23,10.25,40.0,0,Autumn,80.0,20.0,0.0,0.0
2022-09-18,9200,29332,10260,10849,66.75,69.27,11.1,45.0,0,Autumn,20.0,60.0,0.0,20.0
2022-09-19,9113,28063,8546,10898,68.69,70.2,10.15,45.0,0,Autumn,0.0,20.0,20.0,60.0
2022-09-20,8461,28979,7437,9832,68.73,70.73,7.55,20.0,0,Autumn,0.0,40.0,0.0,60.0
2022-09-21,8738,27625,8106,9975,66.28,68.81,10.9,55.0,0,Autumn,0.0,80.0,0.0,20.0
2022-09-22,8432,29596,9735,10230,66.66,68.97,10.0,45.0,0,Autumn,0.0,40.0,60.0,0.0
2022-09-23,9947,29360,11447,11271,70.48,72.8,7.75,25.0,0,Autumn,20.0,20.0,0.0,60.0
2022-09-24,9352,28057,10388,11592,71.47,72.88,7.8,20.0,0,Autumn,0.0,0.0,0.0,100.0
2022-09-25,8490,28161,6256,9804,66.5,67.22,9.15,30.0,0,Autumn,20.0,20.0,60.0,0.0
2022-09-26,10579,30427,16820,12493,69.99,72.6,10.1,35.0,0,Autumn,0.0,40.0,0.0,60.0
2022-09-27,9177,27546,8773,10739,68.45,70.87,8.25,30.0,0,Autumn,40.0,0.0,20.0,40.0
2022-09-28,8564,28938,6405,10042,65.57,66.17,10.9,45.0,0,Autumn,20.0,80.0,0.0,0.0
2022-09-29,8676,33555,7395,10272,70.36,73.64,5.1,0.0,0,Autumn,40.0,40.0,0.0,20.0
2022-09-30,8244,34590,7314,9588,68.18,70.17,5.05,0.0,0,Autumn,40.0,60.0,0.0,0.0
2022-10-01,8277,33611,5925,9611,66.86,68.81,7.4,25.0,0,Autumn,0.0,60.0,40.0,0.0
2022-10-02,9981,32935,13127,11151,69.38,72.37,8.75,35.0,0,Autumn,0.0,40.0,0.0,60.0
2022-10-03,8834,29678,7693,10409,68.8,69.89,7.7,20.0,0,Autumn,0.0,0.0,80.0,20.0
2022-10-04,8915,29565,9997,10527,69.2,70.32,7.25,20.0,0,Autumn,20.0,40.0,20.0,20.0
2022-10-05,8938,28621,9743,10731,67.32,69.34,10.1,40.0,0,Autumn,0.0,60.0,20.0,20.0
2022-10-06,9008,31790,9119,10895,68.69,71.24,9.8,35.0,0,Autumn,20.0,0.0,60.0,20.0
2022-10-07,9754,31621,9693,11126,67.58,68.89,11.3,45.0,0,Autumn,0.0,20.0,40.0,40.0
2022-10-08,9651,30484,9194,11192,69.33,70.33,9.35,35.0,0,Autumn,0.0,40.0,20.0,40.0
2022-10-09,9270,30921,9859,10557,66.72,68.34,10.6,40.0,0,Autumn,60.0,0.0,20.0,20.0
2022-10-10,9250,31703,9620,10899,68.78,70.62,9.3,35.0,0,Autumn,20.0,40.0,20.0,20.0
2022-10-11,9900,30816,8325,11312,69.59,71.54,9.65,40.0,0,Autumn,0.0,40.0,20.0,40.0
2022-10-12,9870,30578,8792,11240,70.76,73.14,8.35,30.0,0,Autumn,0.0,40.0,0.0,60.0
2022-10-13,9117,30542,7658,11374,68.79,70.83,10.85,45.0,0,Autumn,80.0,20.0,0.0,0.0
2022-10-14,8888,31614,8636,10431,67.58,69.82,10.7,45.0,0,Autumn,0.0,60.0,40.0,0.0
2022-10-15,10134,29764,15959,12403,70.59,72.63,10.15,45.0,0,Autumn,0.0,20.0,0.0,80.0
2022-10-16,9306,29246,6483,10816,68.76,70.32,8.6,30.0,0,Autumn,40.0,0.0,40.0,20.0
2022-10-17,8123,28475,5603,10329,67.03,68.54,9.65,35.0,0,Autumn,40.0,20.0,40.0,0.0
2022-10-18,8802,29322,9466,10505,66.08,67.97,11.25,45.0,0,Autumn,0.0,20.0,60.0,20.0
2022-10-19,8806,33012,6700,10126,66.56,68.48,11.25,45.0,0,Autumn,0.0,60.0,20.0,20.0
2022-10-20,8004,30831,6399,9347,67.0,68.99,7.1,20.0,0,Autumn,20.0,40.0,40.0,0.0
2022-10-21,8799,29794,9360,10199,67.13,68.89,9.3,35.0,0,Autumn,40.0,40.0,20.0,0.0
2022-10-22,9426,28086,11501,10937,68.62,70.01,9.7,40.0,0,Autumn,60.0,40.0,0.0,0.0
2022-10-23,9894,26572,10622,11246,70.9,72.04,8.45,25.0,0,Autumn,20.0,40.0,0.0,40.0
2022-10-24,9490,24831,10843,11353,68.53,72.67,10.55,45.0,0,Autumn,40.0,0.0,0.0,60.0
2022-10-25,7939,27444,4137,9322,66.17,70.72,7.35,15.0,0,Autumn,20.0,60.0,0.0,20.0
2022-10-26,7565,28945,6956,9381,65.71,67.73,8.3,30.0,0,Autumn,0.0,40.0,60.0,0.0
2022-10-27,9343,30226,12678,10819,66.86,70.46,10.5,45.0,0,Autumn,60.0,40.0,0.0,0.0
2022-10-28,9848,27979,13746,11954,69.01,70.03,12.1,55.0,0,Autumn,0.0,60.0,0.0,40.0
2022-10-29,8344,26888,7168,10192,70.13,70.14,5.25,0.0,0,Autumn,0.0,20.0,20.0,60.0
2022-10-30,8403,30250,4981,9779,69.61,69.81,5.95,0.0,0,Autumn,40.0,0.0,60.0,0.0
2022-10-31,8348,32115,6012,9702,69.8,70.96,4.7,0.0,0,Autumn,20.0,0.0,60.0,20.0
2022-11-01,9586,31413,10436,11112,68.91,69.16,10.3,40.0,0,Autumn,40.0,20.0,20.0,20.0
2022-11-02,9480,29697,10554,11091,69.3,69.19,9.95,40.0,0,Autumn,0.0,20.0,40.0,40.0
2022-11-03,8031,25407,8021,9503,67.92,69.63,6.95,15.0,0,Autumn,0.0,20.0,80.0,0.0
2022-11-04,9596,27998,12195,11012,69.9,73.24,8.05,25.0,0,Autumn,40.0,20.0,0.0,40.0
2022-11-05,10027,28929,12638,11890,70.04,72.44,9.3,40.0,0,Autumn,40.0,0.0,20.0,40.0
2022-11-06,8971,26712,9073,10953,68.44,69.51,10.3,45.0,0,Autumn,20.0,40.0,20.0,20.0
2022-11-07,9522,28866,9063,11070,68.13,70.56,10.95,50.0,0,Autumn,20.0,0.0,60.0,20.0
2022-11-08,9237,31467,9260,10671,68.53,71.46,8.25,30.0,0,Autumn,40.0,20.0,20.0,20.0
2022-11-09,9332,32435,8130,11012,69.98,71.94,9.35,40.0,0,Autumn,0.0,40.0,20.0,40.0
2022-11-10,9415,32638,10701,11157,67.79,69.87,10.55,40.0,0,Autumn,0.0,40.0,0.0,60.0
2022-11-11,8509,32860,5959,9777,66.93,69.67,8.5,30.0,0,Autumn,20.0,40.0,40.0,0.0
2022-11-12,10448,32222,15251,12531,68.83,69.82,12.2,60.0,0,Autumn,40.0,20.0,0.0,40.0
2022-11-13,9331,32915,7381,10892,68.76,70.04,9.85,35.0,0,Autumn,20.0,40.0,20.0,20.0
2022-11-14,8599,30060,8246,10350,68.95,70.25,8.15,25.0,0,Autumn,0.0,60.0,20.0,20.0
2022-11-15,9674,31689,12570,11763,70.21,69.62,9.95,40.0,0,Autumn,80.0,0.0,0.0,20.0
2022-11-16,9608,34688,7752,10893,69.34,69.8,8.15,25.0,0,Autumn,0.0,0.0,20.0,80.0
2022-11-17,9530,33099,10199,11433,69.72,71.03,8.8,35.0,0,Autumn,0.0,40.0,40.0,20.0
2022-11-18,9604,33832,5416,11423,69.86,70.79,9.9,40.0,0,Autumn,40.0,20.0,20.0,20.0
2022-11-19,9902,33659,11521,11431,68.19,70.97,11.9,50.0,0,Autumn,0.0,40.0,20.0,40.0
2022-11-20,8424,31121,5327,9775,67.02,70.53,8.45,25.0,0,Autumn,0.0,20.0,60.0,20.0
2022-11-21,9371,32159,7933,11082,69.89,71.6,8.15,25.0,0,Autumn,80.0,0.0,20.0,0.0
2022-11-22,8529,30473,10985,10016,68.08,70.09,8.7,30.0,0,Autumn,60.0,40.0,0.0,0.0
2022-11-23,8800,31119,8704,10501,66.95,66.99,9.85,40.0,0,Autumn,0.0,60.0,20.0,20.0
2022-11-24,10218,28458,13200,12044,70.09,70.39,10.1,40.0,0,Autumn,20.0,0.0,20.0,60.0
2022-11-25,8713,27184,7601,10053,67.48,68.5,10.0,40.0,0,Autumn,20.0,40.0,20.0,20.0
2022-11-26,9889,30423,10114,11467,69.93,71.91,9.45,30.0,0,Autumn,20.0,20.0,0.0,60.0
2022-11-27,8451,28135,6166,10073,68.79,71.25,7.65,25.0,0,Autumn,20.0,40.0,20.0,20.0
2022-11-28,8615,32411,8233,9830,65.9,66.63,10.1,40.0,0,Autumn,0.0,0.0,80.0,20.0
2022-11-29,8317,33852,5975,9578,69.39,70.73,4.95,0.0,0,Autumn,20.0,40.0,20.0,20.0
2022-11-30,9059,32313,9075,10023,69.61,71.83,5.65,0.0,0,Autumn,0.0,20.0,20.0,60.0
2022-12-01,7672,28757,5897,9264,64.78,67.22,10.1,35.0,0,Winter,40.0,0.0,60.0,0.0
2022-12-02,9287,29301,13021,11230,71.46,72.78,6.05,15.0,0,Winter,40.0,0.0,0.0,60.0
2022-12-03,9579,28647,10857,10845,68.55,71.76,9.05,35.0,0,Winter,0.0,0.0,60.0,40.0
2022-12-04,9369,26543,10557,10872,69.35,71.09,8.35,30.0,0,Winter,60.0,0.0,20.0,20.0
2022-12-05,10441,26657,13306,12348,70.03,72.8,10.05,45.0,0,Winter,20.0,0.0,20.0,60.0
2022-12-06,9887,28894,7964,11577,70.61,72.91,8.25,20.0,0,Winter,20.0,0.0,0.0,80.0
2022-12-07,9685,31016,8906,11111,69.53,69.2,8.7,30.0,0,Winter,40.0,0.0,40.0,20.0
2022-12-08,9592,31198,10634,11312,70.16,72.94,8.2,25.0,0,Winter,40.0,0.0,0.0,60.0
2022-12-09,10562,31641,12948,12200,71.62,73.83,9.4,40.0,0,Winter,20.0,0.0,20.0,60.0
2022-12-10,8752,30893,5546,10423,66.69,68.57,9.75,35.0,0,Winter,20.0,0.0,40.0,40.0
2022-12-11,8926,30586,8167,10512,66.34,68.09,11.1,40.0,0,Winter,40.0,0.0,60.0,0.0
2022-12-12,9530,34089,10068,10990,69.2,71.22,8.3,25.0,0,Winter,40.0,0.0,60.0,0.0
2022-12-13,9537,31837,8602,11148,69.41,69.72,9.4,35.0,0,Winter,40.0,0.0,60.0,0.0
2022-12-14,10146,31766,11383,11922,70.51,70.71,10.15,40.0,0,Winter,0.0,0.0,20.0,80.0
2022-12-15,9422,30614,9872,11413,71.33,74.46,8.25,30.0,0,Winter,40.0,0.0,40.0,20.0
2022-12-16,9297,30257,8297,10829,69.69,69.82,8.4,30.0,0,Winter,40.0,0.0,60.0,0.0
2022-12-17,9901,30326,12338,11908,69.48,72.2,10.6,45.0,0,Winter,40.0,0.0,20.0,40.0
2022-12-18,10614,31611,12355,12576,72.24,73.6,9.95,40.0,0,Winter,20.0,0.0,20.0,60.0
2022-12-19,9813,30729,9134,11494,69.77,71.47,9.0,35.0,0,Winter,40.0,0.0,40.0,20.0
2022-12-20,8862,30127,7691,10521,67.67,68.09,10.85,45.0,0,Winter,20.0,0.0,80.0,0.0
2022-12-21,10048,32374,11150,11402,69.76,72.7,9.35,40.0,0,Winter,40.0,0.0,20.0,40.0
2022-12-22,9479,36290,9630,10900,67.45,68.44,10.55,35.0,0,Winter,20.0,0.0,60.0,20.0
2022-12-23,8932,32394,7096,10988,66.97,69.8,10.8,40.0,0,Winter,20.0,0.0,60.0,20.0
2022-12-24,10158,33654,10617,12042,70.55,71.7,10.55,40.0,0,Winter,40.0,0.0,40.0,20.0
2022-12-25,9703,34425,8518,11384,69.09,71.51,10.6,45.0,0,Winter,20.0,0.0,40.0,40.0
2022-12-26,9956,32841,12831,12404,71.13,72.14,11.0,50.0,0,Winter,60.0,0.0,0.0,40.0
2022-12-27,9304,33108,10155,11188,69.2,70.79,10.4,45.0,0,Winter,0.0,0.0,80.0,20.0
2022-12-28,11416,32760,10888,12799,74.25,74.73,7.35,30.0,0,Winter,0.0,0.0,0.0,100.0
2022-12-29,8737,31106,7855,10778,72.18,74.43,4.5,0.0,0,Winter,40.0,0.0,0.0,60.0
2022-12-30,9192,33306,9684,10643,72.74,75.62,4.4,0.0,0,Winter,40.0,0.0,0.0,60.0
2022-12-31,8973,34588,7005,10408,70.38,72.42,4.95,0.0,0,Winter,0.0,0.0,40.0,60.0
2023-01-01,9668,35091,9914,11144,69.12,70.21,9.45,35.0,0,Winter,80.0,0.0,0.0,20.0
2023-01-02,10665,33463,7430,12563,70.15,71.35,11.55,50.0,0,Winter,40.0,0.0,0.0,60.0
2023-01-03,10070,33525,10856,11694,69.43,70.13,10.3,45.0,0,Winter,60.0,0.0,20.0,20.0
2023-01-04,9331,33826,8379,10979,68.47,71.57,9.5,40.0,0,Winter,100.0,0.0,0.0,0.0
2023-01-05,8963,31527,8258,10470,70.42,71.04,6.65,15.0,0,Winter,40.0,0.0,40.0,20.0
2023-01-06,9324,30060,9112,10816,69.28,72.04,7.75,25.0,0,Winter,20.0,0.0,60.0,20.0
2023-01-07,9540,30061,13304,11250,68.41,69.55,11.1,40.0,0,Winter,40.0,0.0,20.0,40.0
2023-01-08,9892,28701,9638,11534,68.53,70.9,10.2,40.0,0,Winter,80.0,0.0,0.0,20.0
2023-01-09,9082,29181,7596,10819,67.93,69.71,10.5,40.0,0,Winter,0.0,0.0,40.0,60.0
2023-01-10,10231,31241,13574,12228,71.32,74.04,10.05,40.0,0,Winter,40.0,0.0,0.0,60.0
2023-01-11,10022,29771,11750,12621,70.81,73.0,10.7,50.0,0,Winter,40.0,0.0,20.0,40.0
2023-01-12,9235,32825,7249,10906,68.3,70.61,10.15,35.0,0,Winter,40.0,0.0,60.0,0.0
2023-01-13,10113,30908,9190,11939,68.33,69.94,11.3,45.0,0,Winter,60.0,0.0,40.0,0.0
2023-01-14,9583,33883,9169,11555,71.77,72.13,7.65,25.0,0,Winter,60.0,0.0,0.0,40.0
2023-01-15,9309,33579,8767,10984,68.32,70.06,10.6,50.0,0,Winter,0.0,0.0,80.0,20.0
2023-01-16,9644,33842,9224,11400,71.38,73.99,6.2,15.0,0,Winter,60.0,0.0,20.0,20.0
2023-01-17,9756,31807,9887,11588,73.01,74.82,6.35,15.0,0,Winter,20.0,0.0,0.0,80.0
2023-01-18,10303,31224,12922,12118,69.92,70.84,11.6,45.0,0,Winter,80.0,0.0,20.0,0.0
2023-01-19,10117,30759,11110,12119,71.82,74.21,9.55,35.0,0,Winter,20.0,0.0,20.0,60.0
2023-01-20,10730,29990,11866,12550,70.64,72.0,11.1,50.0,0,Winter,40.0,0.0,20.0,40.0
2023-01-21,9396,32072,5872,11429,71.04,72.87,7.9,20.0,0,Winter,40.0,0.0,20.0,40.0
2023-01-22,10261,33389,9599,11543,69.37,70.8,10.25,45.0,0,Winter,20.0,0.0,20.0,60.0
2023-01-23,10122,35591,13257,12039,68.91,70.21,12.4,55.0,0,Winter,40.0,0.0,40.0,20.0
2023-01-24,9351,33875,9875,10760,68.38,70.26,9.65,40.0,0,Winter,20.0,0.0,60.0,20.0
2023-01-25,9655,31761,6687,11162,70.65,71.68,7.45,30.0,0,Winter,0.0,0.0,20.0,80.0
2023-01-26,9345,32729,8350,11234,70.94,72.78,7.2,20.0,0,Winter,20.0,0.0,20.0,60.0
2023-01-27,8473,33785,6184,10167,68.48,70.92,7.95,25.0,0,Winter,40.0,0.0,60.0,0.0
2023-01-28,9170,35401,7381,10515,68.43,70.94,8.4,30.0,0,Winter,40.0,0.0,20.0,40.0
2023-01-29,5636,33956,2829,6296,61.79,63.79,5.25,0.0,1,Winter,40.0,0.0,20.0,40.0
2023-01-30,5981,32797,4005,6812,63.17,65.54,4.95,0.0,1,Winter,20.0,0.0,20.0,60.0
2023-01-31,5583,31091,3964,6631,62.83,64.12,5.35,0.0,1,Winter,20.0,0.0,60.0,20.0
2023-02-01,6110,30365,5546,7042,61.27,63.41,8.7,25.0,1,Winter,0.0,0.0,60.0,40.0
2023-02-02,6197,28453,5692,7255,60.83,61.76,10.85,45.0,1,Winter,60.0,0.0,0.0,40.0
2023-02-03,6273,28025,5154,7150,58.97,62.02,11.4,50.0,1,Winter,40.0,0.0,40.0,20.0
2023-02-04,6829,25898,7245,7686,59.66,61.04,11.75,55.0,1,Winter,80.0,0.0,20.0,0.0
2023-02-05,6373,24580,7047,7535,61.78,62.77,8.8,35.0,1,Winter,0.0,0.0,40.0,60.0
2023-02-06,6092,25111,4564,7173,60.2,62.34,9.7,35.0,1,Winter,40.0,0.0,20.0,40.0
2023-02-07,5750,23887,4488,6427,60.73,62.29,7.65,25.0,1,Winter,60.0,0.0,40.0,0.0
2023-02-08,5575,25030,5020,6548,59.89,60.8,9.7,40.0,1,Winter,0.0,0.0,60.0,40.0
2023-02-09,6736,24149,6922,7771,60.03,62.19,12.2,55.0,1,Winter,60.0,0.0,20.0,20.0
2023-02-10,6493,22953,5713,7327,63.15,64.02,7.85,25.0,1,Winter,20.0,0.0,20.0,60.0
2023-02-11,5658,21296,5789,6371,60.41,61.82,8.0,30.0,1,Winter,0.0,0.0,60.0,40.0
2023-02-12,6121,21140,9298,7535,61.72,62.62,10.9,45.0,1,Winter,40.0,0.0,40.0,20.0
2023-02-13,6193,21549,6013,7214,59.39,60.39,11.55,50.0,1,Winter,20.0,0.0,40.0,40.0
2023-02-14,6457,21968,6097,7327,61.33,62.4,10.15,40.0,1,Winter,60.0,0.0,0.0,40.0
2023-02-15,6522,22208,5223,7141,62.02,64.01,7.55,25.0,1,Winter,20.0,0.0,20.0,60.0
2023-02-16,5862,22217,6331,6821,59.44,60.95,8.7,30.0,1,Winter,100.0,0.0,0.0,0.0
2023-02-17,6158,23377,5044,6793,60.21,60.9,9.0,30.0,1,Winter,0.0,0.0,80.0,20.0
2023-02-18,6283,24105,6250,6986,61.5,62.0,8.45,25.0,1,Winter,20.0,0.0,20.0,60.0
2023-02-19,6724,22389,8114,7818,61.49,62.81,11.25,50.0,1,Winter,0.0,0.0,40.0,60.0
2023-02-20,5991,23598,5199,7130,60.63,62.74,9.35,25.0,1,Winter,20.0,0.0,20.0,60.0
2023-02-21,5550,22637,5439,6939,61.75,61.77,8.1,25.0,1,Winter,40.0,0.0,20.0,40.0
2023-02-22,6155,24250,5680,7207,62.18,65.16,7.3,25.0,1,Winter,20.0,0.0,20.0,60.0
2023-02-23,6046,22609,6299,6987,60.79,61.15,8.75,35.0,1,Winter,20.0,0.0,60.0,20.0
2023-02-24,6675,21500,7691,7796,61.54,61.59,10.85,45.0,1,Winter,0.0,0.0,20.0,80.0
2023-02-25,5774,21802,6176,6710,59.72,60.47,9.7,35.0,1,Winter,40.0,0.0,60.0,0.0
2023-02-26,6008,23830,3864,6926,62.35,63.2,6.9,15.0,1,Winter,60.0,0.0,20.0,20.0
2023-02-27,6668,23169,9093,7805,61.6,63.66,9.75,45.0,1,Winter,40.0,0.0,0.0,60.0
2023-02-28,5974,21655,4865,6839,60.01,61.81,8.9,35.0,1,Winter,20.0,0.0,60.0,20.0
2023-03-01,9126,22314,17950,11351,66.34,69.09,13.25,60.0,0,Spring,40.0,60.0,0.0,0.0
2023-03-02,9101,20693,9621,11277,70.02,71.75,8.4,30.0,0,Spring,0.0,20.0,0.0,80.0
2023-03-03,9600,22902,13974,11564,68.32,70.36,10.2,40.0,0,Spring,40.0,20.0,0.0,40.0
2023-03-04,9086,24079,10732,11797,69.77,72.51,10.45,50.0,0,Spring,80.0,20.0,0.0,0.0
2023-03-05,9325,26805,10108,11666,70.86,73.59,7.75,25.0,0,Spring,0.0,20.0,0.0,80.0
2023-03-06,8852,29831,7310,10478,67.98,68.39,9.15,35.0,0,Spring,60.0,40.0,0.0,0.0
2023-03-07,9782,34171,10204,11947,69.67,70.97,10.1,40.0,0,Spring,40.0,0.0,0.0,60.0
2023-03-08,9243,33752,6846,10711,68.81,70.34,8.2,25.0,0,Spring,60.0,20.0,0.0,20.0
2023-03-09,10336,32795,12660,12058,69.31,70.54,10.35,40.0,0,Spring,20.0,0.0,0.0,80.0
2023-03-10,9537,30906,8835,11282,69.59,72.84,9.25,40.0,0,Spring,40.0,40.0,0.0,20.0
2023-03-11,8904,32223,8266,10604,69.53,68.85,7.65,15.0,0,Spring,20.0,60.0,0.0,20.0
2023-03-12,10536,34594,11938,11615,69.74,70.98,9.15,30.0,0,Spring,0.0,60.0,0.0,40.0
2023-03-13,9512,31217,9450,11167,69.12,71.16,9.45,35.0,0,Spring,40.0,40.0,0.0,20.0
2023-03-14,9746,31433,7927,11044,67.82,68.17,10.25,45.0,0,Spring,20.0,40.0,0.0,40.0
2023-03-15,11036,30618,17332,13236,73.0,73.6,9.7,40.0,0,Spring,60.0,0.0,0.0,40.0
2023-03-16,10821,30975,7398,12502,70.44,73.61,10.25,45.0,0,Spring,80.0,0.0,0.0,20.0
2023-03-17,9595,32049,7799,11354,67.46,69.23,11.4,45.0,0,Spring,20.0,60.0,0.0,20.0
2023-03-18,9191,32664,8718,11187,66.67,70.15,10.95,45.0,0,Spring,40.0,40.0,0.0,20.0
2023-03-19,9821,33357,9992,11237,70.32,70.05,8.2,30.0,0,Spring,0.0,60.0,0.0,40.0
2023-03-20,9108,32961,7559,10586,68.59,71.29,8.4,30.0,0,Spring,20.0,60.0,0.0,20.0
2023-03-21,9093,31174,8303,11150,68.97,70.52,8.55,25.0,0,Spring,80.0,20.0,0.0,0.0
2023-03-22,10388,33387,11147,12130,70.99,72.21,10.05,40.0,0,Spring,20.0,40.0,0.0,40.0
2023-03-23,9697,31857,10118,11838,69.01,70.82,11.05,45.0,0,Spring,80.0,20.0,0.0,0.0
2023-03-24,10432,30278,11824,11829,71.36,73.68,8.4,30.0,0,Spring,40.0,0.0,0.0,60.0
2023-03-25,10234,28941,12210,12617,71.65,75.0,8.5,30.0,0,Spring,0.0,0.0,0.0,100.0
2023-03-26,8583,30090,4646,10121,67.9,69.32,8.8,25.0,0,Spring,0.0,80.0,0.0,20.0
2023-03-27,9253,30707,9301,10578,69.53,71.37,7.25,20.0,0,Spring,60.0,40.0,0.0,0.0
2023-03-28,9280,31387,8688,11054,68.41,69.23,9.75,40.0,0,Spring,80.0,20.0,0.0,0.0
2023-03-29,9227,33122,8514,10392,69.86,71.25,5.6,0.0,0,Spring,80.0,20.0,0.0,0.0
2023-03-30,8625,30931,7061,10237,71.11,72.35,4.9,0.0,0,Spring,60.0,20.0,0.0,20.0
2023-03-31,9421,30788,7830,10624,70.92,73.69,4.7,0.0,0,Spring,60.0,20.0,0.0,20.0
2023-04-01,9329,28979,11001,10782,69.26,71.22,7.8,20.0,0,Spring,40.0,40.0,0.0,20.0
2023-04-02,9612,27791,9689,11156,69.58,70.79,8.2,30.0,0,Spring,60.0,20.0,0.0,20.0
2023-04-03,8918,25556,10090,10259,68.77,68.97,6.75,20.0,0,Spring,20.0,60.0,0.0,20.0
2023-04-04,8631,26544,9405,10550,67.98,71.2,9.45,35.0,0,Spring,40.0,40.0,0.0,20.0
2023-04-05,9243,30025,8836,10921,68.22,70.52,9.85,45.0,0,Spring,100.0,0.0,0.0,0.0
2023-04-06,9243,30133,9478,10967,67.97,69.63,9.95,40.0,0,Spring,60.0,40.0,0.0,0.0
2023-04-07,9577,28739,10230,11499,67.08,68.22,11.8,50.0,0,Spring,100.0,0.0,0.0,0.0
2023-04-08,9558,29106,11702,11171,68.56,70.16,9.7,35.0,0,Spring,20.0,40.0,0.0,40.0
2023-04-09,9419,29872,9110,11717,70.11,71.38,9.3,35.0,0,Spring,40.0,20.0,0.0,40.0
2023-04-10,10251,29922,9942,11778,70.97,72.09,8.05,25.0,0,Spring,60.0,0.0,0.0,40.0
2023-04-11,9241,31843,9990,10841,67.35,68.6,10.35,45.0,0,Spring,20.0,80.0,0.0,0.0
2023-04-12,5507,30951,2608,6464,60.35,60.42,7.6,25.0,1,Spring,20.0,60.0,0.0,20.0
2023-04-13,6219,34154,2941,7000,62.61,63.86,7.3,20.0,1,Spring,60.0,0.0,0.0,40.0
2023-04-14,5466,32418,3889,6414,58.97,60.98,9.0,30.0,1,Spring,20.0,60.0,0.0,20.0
2023-04-15,6159,35301,4373,6928,58.21,61.06,12.3,60.0,1,Spring,0.0,100.0,0.0,0.0
2023-04-16,6321,32224,6327,7318,60.1,61.62,9.9,40.0,1,Spring,0.0,20.0,0.0,80.0
2023-04-17,6153,29413,4582,6950,59.73,61.09,10.45,40.0,1,Spring,20.0,40.0,0.0,40.0
2023-04-18,5466,28966,4659,6537,61.09,62.15,8.15,25.0,1,Spring,0.0,60.0,0.0,40.0
2023-04-19,5760,28065,4030,6641,59.67,60.86,10.0,45.0,1,Spring,20.0,60.0,0.0,20.0
2023-04-20,6360,27362,5558,7511,60.43,62.42,10.4,40.0,1,Spring,40.0,0.0,0.0,60.0
2023-04-21,6143,26180,6254,6811,59.44,61.04,10.1,45.0,1,Spring,20.0,60.0,0.0,20.0
2023-04-22,5527,24564,4281,6379,60.8,62.46,6.55,15.0,1,Spring,60.0,0.0,0.0,40.0
2023-04-23,6931,23352,10112,8104,60.24,61.82,11.1,55.0,1,Spring,60.0,0.0,0.0,40.0
2023-04-24,6240,21923,4862,6891,58.42,60.14,11.35,50.0,1,Spring,0.0,80.0,0.0,20.0
2023-04-25,6227,22137,4335,7164,60.52,61.77,9.2,40.0,1,Spring,40.0,40.0,0.0,20.0
2023-04-26,6135,22072,7752,7127,61.24,62.75,8.3,30.0,1,Spring,40.0,40.0,0.0,20.0
2023-04-27,5399,22971,5097,6442,58.87,59.84,9.7,35.0,1,Spring,60.0,20.0,0.0,20.0
2023-04-28,5768,23718,5398,6430,60.23,62.69,7.65,25.0,1,Spring,40.0,60.0,0.0,0.0
2023-04-29,5917,22987,4189,6562,62.68,63.67,4.55,0.0,1,Spring,80.0,20.0,0.0,0.0
2023-04-30,5446,22235,5004,6510,62.15,63.72,4.85,0.0,1,Spring,40.0,20.0,0.0,40.0
2023-05-01,5932,22972,7632,6897,60.6,62.2,8.05,20.0,1,Spring,0.0,40.0,0.0,60.0
2023-05-02,6703,21708,8479,7779,60.43,62.76,10.85,45.0,1,Spring,20.0,0.0,0.0,80.0
2023-05-03,5336,19297,5772,6196,58.76,60.25,8.7,35.0,1,Spring,0.0,80.0,0.0,20.0
2023-05-04,6385,21115,5219,7448,60.83,62.52,10.65,45.0,1,Spring,40.0,20.0,0.0,40.0
2023-05-05,5859,23614,6237,6834,59.96,61.16,8.8,30.0,1,Spring,80.0,20.0,0.0,0.0
2023-05-06,6329,25216,5649,7347,62.1,64.07,8.05,30.0,1,Spring,60.0,0.0,0.0,40.0
2023-05-07,6416,23700,6317,7352,59.36,60.19,11.6,55.0,1,Spring,0.0,60.0,0.0,40.0
2023-05-08,6477,22585,7462,7460,60.52,62.11,9.85,45.0,1,Spring,60.0,0.0,0.0,40.0
2023-05-09,5585,21720,5812,6547,60.2,62.3,7.9,25.0,1,Spring,40.0,40.0,0.0,20.0
2023-05-10,5965,23196,5358,6992,60.38,61.56,9.5,35.0,1,Spring,40.0,20.0,0.0,40.0
2023-05-11,6256,23776,7186,7328,59.54,60.48,12.25,60.0,1,Spring,20.0,60.0,0.0,20.0
2023-05-12,6055,23376,6359,6926,60.21,61.42,9.0,35.0,1,Spring,40.0,40.0,0.0,20.0
2023-05-13,8890,22446,15035,10898,68.27,70.92,8.85,30.0,0,Spring,60.0,20.0,0.0,20.0
2023-05-14,8947,22144,11329,11043,68.27,71.18,9.6,40.0,0,Spring,40.0,40.0,0.0,20.0
2023-05-15,9205,22182,10786,11234,70.69,72.05,7.55,10.0,0,Spring,20.0,0.0,0.0,80.0
2023-05-16,9957,27027,14626,12759,72.86,74.87,8.6,30.0,0,Spring,20.0,20.0,0.0,60.0
2023-05-17,10185,28507,11767,11778,68.95,72.03,10.95,45.0,0,Spring,40.0,0.0,0.0,60.0
2023-05-18,10170,28988,9540,12062,70.06,70.47,10.5,45.0,0,Spring,40.0,20.0,0.0,40.0
2023-05-19,10065,30109,7478,11434,66.01,68.87,13.05,55.0,0,Spring,40.0,60.0,0.0,0.0
2023-05-20,8643,31537,6591,10410,68.47,70.54,7.65,30.0,0,Spring,80.0,20.0,0.0,0.0
2023-05-21,10317,34909,9851,11872,68.94,71.21,11.15,50.0,0,Spring,60.0,0.0,0.0,40.0
2023-05-22,9431,33455,8932,11291,69.68,70.71,8.8,25.0,0,Spring,40.0,40.0,0.0,20.0
2023-05-23,9014,32846,8211,10293,68.62,71.27,6.75,15.0,0,Spring,0.0,60.0,0.0,40.0
2023-05-24,9599,30702,12561,11554,71.82,74.97,6.35,15.0,0,Spring,40.0,20.0,0.0,40.0
2023-05-25,9537,30415,11088,10898,69.71,71.27,8.7,35.0,0,Spring,0.0,60.0,0.0,40.0
2023-05-26,10167,29157,12217,12405,70.34,72.39,9.5,35.0,0,Spring,40.0,0.0,0.0,60.0
2023-05-27,9190,29839,6562,10634,68.03,69.71,9.6,35.0,0,Spring,0.0,80.0,0.0,20.0
2023-05-28,9434,32166,7547,11269,66.94,68.53,10.4,45.0,0,Spring,60.0,40.0,0.0,0.0
2023-05-29,9153,32375,8341,10782,72.53,75.36,4.4,0.0,0,Spring,40.0,0.0,0.0,60.0
2023-05-30,8615,34189,6911,9633,68.73,70.82,4.8,0.0,0,Spring,40.0,20.0,0.0,40.0
2023-05-31,8743,32365,7673,9964,68.46,71.22,5.45,0.0,0,Spring,20.0,60.0,0.0,20.0
2023-06-01,8885,30361,10932,11157,68.5,70.51,8.15,30.0,0,Summer,20.0,60.0,0.0,20.0
2023-06-02,9332,29696,11342,11231,70.69,72.56,7.5,20.0,0,Summer,0.0,40.0,0.0,60.0
2023-06-03,9946,28721,12330,11726,69.42,70.27,9.25,35.0,0,Summer,20.0,60.0,0.0,20.0
2023-06-04,10486,30348,12866,12271,71.08,73.01,9.7,35.0,0,Summer,0.0,40.0,0.0,60.0
2023-06-05,10307,30005,9772,12687,72.32,73.69,8.7,35.0,0,Summer,60.0,20.0,0.0,20.0
2023-06-06,10374,30639,8725,12371,69.08,70.62,11.7,50.0,0,Summer,20.0,40.0,0.0,40.0
2023-06-07,11159,32221,14020,13203,72.04,73.8,10.6,45.0,0,Summer,40.0,20.0,0.0,40.0
2023-06-08,9359,34394,7466,11171,69.82,70.81,8.35,25.0,0,Summer,60.0,20.0,0.0,20.0
2023-06-09,9995,34168,9892,12093,71.28,72.56,9.3,35.0,0,Summer,20.0,20.0,0.0,60.0
2023-06-10,9650,34066,9290,11609,69.33,73.96,8.9,35.0,0,Summer,20.0,60.0,0.0,20.0
2023-06-11,11679,35096,15774,13773,71.47,73.29,13.2,65.0,0,Summer,40.0,0.0,0.0,60.0
2023-06-12,9836,31807,7840,11224,70.59,71.38,6.65,25.0,0,Summer,40.0,40.0,0.0,20.0
2023-06-13,9958,33450,8235,11918,71.39,73.04,7.35,20.0,0,Summer,40.0,20.0,0.0,40.0
2023-06-14,10086,33397,8660,11247,70.49,72.24,7.4,25.0,0,Summer,0.0,40.0,0.0,60.0
2023-06-15,9747,36550,8509,11784,70.89,72.12,7.3,20.0,0,Summer,80.0,0.0,0.0,20.0
2023-06-16,11032,36170,14976,12769,70.79,72.95,10.6,40.0,0,Summer,40.0,20.0,0.0,40.0
2023-06-17,9533,31871,7238,11061,69.95,72.53,7.6,25.0,0,Summer,20.0,60.0,0.0,20.0
2023-06-18,9528,31388,9797,11366,68.74,71.5,9.05,30.0,0,Summer,40.0,60.0,0.0,0.0
2023-06-19,10897,30638,12797,12444,70.12,73.48,9.95,35.0,0,Summer,20.0,0.0,0.0,80.0
2023-06-20,11468,34955,13476,13684,73.2,72.92,10.45,45.0,0,Summer,20.0,0.0,0.0,80.0
2023-06-21,9767,31622,7118,11510,70.11,71.86,9.45,35.0,0,Summer,40.0,60.0,0.0,0.0
2023-06-22,9905,34820,9224,11918,70.15,73.1,10.1,40.0,0,Summer,60.0,0.0,0.0,40.0
2023-06-23,10480,33744,10611,12324,70.46,72.88,10.05,45.0,0,Summer,40.0,60.0,0.0,0.0
2023-06-24,9435,36620,6786,10663,67.02,69.4,9.8,30.0,0,Summer,40.0,60.0,0.0,0.0
2023-06-25,10434,34173,14262,12401,69.01,70.26,11.4,50.0,0,Summer,20.0,60.0,0.0,20.0
2023-06-26,10336,32800,9346,12238,70.27,71.19,9.7,40.0,0,Summer,0.0,60.0,0.0,40.0
2023-06-27,9743,32802,7196,11298,69.48,71.28,9.55,40.0,0,Summer,20.0,40.0,0.0,40.0
2023-06-28,10241,32126,8941,12495,70.6,71.28,10.65,45.0,0,Summer,20.0,40.0,0.0,40.0
2023-06-29,10422,35252,10337,11717,73.48,75.36,4.75,0.0,0,Summer,20.0,0.0,0.0,80.0
2023-06-30,8990,31861,7927,10998,72.62,74.79,4.7,0.0,0,Summer,20.0,60.0,0.0,20.0
2023-07-01,8967,32836,6087,10172,67.28,71.33,7.85,20.0,0,Summer,20.0,80.0,0.0,0.0
2023-07-02,10956,31831,18891,13127,72.15,75.03,9.45,30.0,0,Summer,40.0,0.0,0.0,60.0
2023-07-03,11012,29347,14560,13452,73.41,75.92,9.9,40.0,0,Summer,20.0,0.0,0.0,80.0
2023-07-04,10892,28555,11053,12867,70.74,73.26,11.05,50.0,0,Summer,100.0,0.0,0.0,0.0
2023-07-05,9830,29540,6226,11835,72.68,73.51,8.15,35.0,0,Summer,80.0,20.0,0.0,0.0
2023-07-06,9522,36213,8263,11551,66.77,68.82,11.85,55.0,0,Summer,0.0,100.0,0.0,0.0
2023-07-07,9705,37260,6955,11190,69.64,70.51,7.9,25.0,0,Summer,60.0,40.0,0.0,0.0
2023-07-08,11858,35557,19604,14093,72.39,75.72,11.95,55.0,0,Summer,20.0,0.0,0.0,80.0
2023-07-09,10117,32413,10087,11975,71.15,71.9,8.6,30.0,0,Summer,40.0,20.0,0.0,40.0
2023-07-10,9972,29811,8798,12040,70.97,73.6,9.65,35.0,0,Summer,60.0,20.0,0.0,20.0
2023-07-11,9682,33142,7702,11555,70.57,72.7,8.4,35.0,0,Summer,20.0,60.0,0.0,20.0
2023-07-12,10385,37606,7233,11699,70.71,72.97,7.4,20.0,0,Summer,40.0,20.0,0.0,40.0
2023-07-13,10191,35752,10265,11933,70.86,72.53,9.8,35.0,0,Summer,40.0,40.0,0.0,20.0
2023-07-14,10101,33512,9155,11494,69.46,71.7,8.5,25.0,0,Summer,60.0,40.0,0.0,0.0
2023-07-15,9346,33021,9478,11275,68.78,69.92,8.9,35.0,0,Summer,0.0,80.0,0.0,20.0
2023-07-16,9750,32171,11197,12025,70.7,73.06,9.75,35.0,0,Summer,20.0,60.0,0.0,20.0
2023-07-17,11093,32629,14803,13144,72.8,75.36,9.2,40.0,0,Summer,40.0,20.0,0.0,40.0
2023-07-18,9541,31447,5734,11005,68.04,70.36,8.7,30.0,0,Summer,20.0,60.0,0.0,20.0
2023-07-19,10093,32879,11165,11813,68.16,70.05,11.15,45.0,0,Summer,20.0,60.0,0.0,20.0
2023-07-20,9463,30960,8903,11036,70.01,71.01,8.45,30.0,0,Summer,20.0,80.0,0.0,0.0
2023-07-21,9884,35363,7512,11206,70.32,72.85,7.35,15.0,0,Summer,0.0,60.0,0.0,40.0
2023-07-22,10032,32051,12871,12101,68.67,70.16,12.35,60.0,0,Summer,40.0,40.0,0.0,20.0
2023-07-23,10260,33558,12134,11588,69.88,71.01,8.9,40.0,0,Summer,60.0,20.0,0.0,20.0
2023-07-24,9637,30457,9084,11439,69.26,71.33,8.6,25.0,0,Summer,0.0,80.0,0.0,20.0
2023-07-25,10405,31533,9977,11908,71.54,73.59,8.55,30.0,0,Summer,0.0,60.0,0.0,40.0
2023-07-26,11188,33971,14277,13411,74.03,76.29,9.1,35.0,0,Summer,60.0,0.0,0.0,40.0
2023-07-27,10109,32076,10604,12255,69.73,71.16,10.35,40.0,0,Summer,80.0,20.0,0.0,0.0
2023-07-28,11134,32504,12810,13706,73.93,74.55,10.5,50.0,0,Summer,40.0,20.0,0.0,40.0
2023-07-29,9281,35833,4750,11242,72.29,73.62,5.45,0.0,0,Summer,60.0,20.0,0.0,20.0
2023-07-30,10254,37426,6790,11419,72.93,74.48,4.2,0.0,0,Summer,20.0,20.0,0.0,60.0
2023-07-31,8735,38926,7460,10390,70.38,72.45,5.55,0.0,0,Summer,0.0,80.0,0.0,20.0
2023-08-01,10910,36488,14416,12992,70.29,71.54,11.85,55.0,0,Summer,40.0,20.0,0.0,40.0
2023-08-02,10824,31792,11984,13062,72.0,74.06,10.15,40.0,0,Summer,80.0,0.0,0.0,20.0
2023-08-03,10446,30613,10170,12267,70.95,72.39,10.4,40.0,0,Summer,20.0,60.0,0.0,20.0
2023-08-04,9793,31483,9108,11857,69.66,72.09,9.8,30.0,0,Summer,40.0,20.0,0.0,40.0
2023-08-05,10339,32750,10708,12217,69.77,72.26,10.75,45.0,0,Summer,60.0,20.0,0.0,20.0
2023-08-06,10220,34676,11432,12370,70.2,72.43,10.35,40.0,0,Summer,80.0,20.0,0.0,0.0
2023-08-07,9164,35773,6413,11004,69.97,72.75,6.5,10.0,0,Summer,80.0,0.0,0.0,20.0
2023-08-08,11164,33813,13746,13073,71.4,72.38,10.35,45.0,0,Summer,80.0,0.0,0.0,20.0
2023-08-09,10456,33745,9288,12102,69.72,72.12,11.55,50.0,0,Summer,40.0,20.0,0.0,40.0
2023-08-10,11856,32387,15476,13936,72.64,74.95,11.2,50.0,0,Summer,60.0,0.0,0.0,40.0
2023-08-11,10770,31081,11115,12998,71.9,73.02,11.0,50.0,0,Summer,40.0,20.0,0.0,40.0
2023-08-12,9809,34158,8703,11614,70.91,73.04,8.25,30.0,0,Summer,0.0,60.0,0.0,40.0
2023-08-13,10003,33297,8272,11547,70.02,70.91,10.25,40.0,0,Summer,20.0,40.0,0.0,40.0
2023-08-14,9925,37369,11119,11887,71.68,73.07,7.2,25.0,0,Summer,0.0,60.0,0.0,40.0
2023-08-15,10561,35975,12064,12220,72.53,75.62,7.05,20.0,0,Summer,0.0,0.0,0.0,100.0
2023-08-16,10356,33517,10040,12474,72.46,73.53,8.2,25.0,0,Summer,40.0,40.0,0.0,20.0
2023-08-17,10352,35661,6830,12113,71.09,72.09,8.75,35.0,0,Summer,60.0,20.0,0.0,20.0
2023-08-18,10447,35160,10497,11682,69.19,69.95,10.7,45.0,0,Summer,60.0,20.0,0.0,20.0
2023-08-19,9694,36997,9336,11596,70.55,72.4,7.75,25.0,0,Summer,60.0,20.0,0.0,20.0
2023-08-20,9980,34623,11894,12130,71.03,71.59,8.5,25.0,0,Summer,60.0,40.0,0.0,0.0
2023-08-21,9783,33869,10170,11657,66.37,69.35,12.2,55.0,0,Summer,40.0,40.0,0.0,20.0
2023-08-22,10477,35979,9871,12319,69.64,73.24,10.5,45.0,0,Summer,60.0,20.0,0.0,20.0
2023-08-23,10046,35210,10174,11849,70.19,71.96,10.4,40.0,0,Summer,20.0,60.0,0.0,20.0
2023-08-24,10042,36552,8096,11440,70.81,71.05,7.75,20.0,0,Summer,80.0,0.0,0.0,20.0
2023-08-25,9899,34252,7501,10902,69.24,70.01,8.6,25.0,0,Summer,20.0,60.0,0.0,20.0
2023-08-26,9740,32767,9983,11727,69.87,70.57,9.0,30.0,0,Summer,20.0,40.0,0.0,40.0
2023-08-27,10778,32848,11560,13136,72.53,74.66,10.35,40.0,0,Summer,20.0,20.0,0.0,60.0
2023-08-28,9533,33468,7794,11091,69.94,72.42,7.65,20.0,0,Summer,40.0,60.0,0.0,0.0
2023-08-29,9122,33160,5771,10332,69.79,71.7,5.0,0.0,0,Summer,40.0,60.0,0.0,0.0
2023-08-30,10322,32513,12331,12047,73.5,74.44,5.2,0.0,0,Summer,40.0,0.0,0.0,60.0
2023-08-31,9051,30556,9940,10703,70.76,74.41,4.75,0.0,0,Summer,40.0,40.0,0.0,20.0
2023-09-01,9532,29430,12148,11096,68.79,71.36,9.55,35.0,0,Autumn,60.0,0.0,0.0,40.0
2023-09-02,8417,26388,7266,9745,65.74,67.34,9.95,35.0,0,Autumn,0.0,60.0,20.0,20.0
2023-09-03,9007,30614,8633,11039,69.0,71.71,9.25,35.0,0,Autumn,40.0,20.0,40.0,0.0
2023-09-04,9009,32857,8418,10748,69.61,70.57,8.45,30.0,0,Autumn,40.0,40.0,0.0,20.0
2023-09-05,10209,34956,13238,12272,69.7,72.86,10.85,45.0,0,Autumn,20.0,0.0,0.0,80.0
2023-09-06,9316,31270,8705,10843,68.55,69.74,8.1,30.0,0,Autumn,20.0,0.0,40.0,40.0
2023-09-07,9192,35208,7461,10580,66.13,69.33,11.3,50.0,0,Autumn,20.0,80.0,0.0,0.0
2023-09-08,8960,32922,6012,9754,66.92,68.83,8.1,25.0,0,Autumn,0.0,60.0,20.0,20.0
2023-09-09,9126,33472,8541,10666,68.32,69.57,9.8,45.0,0,Autumn,20.0,60.0,0.0,20.0
2023-09-10,9407,33150,10335,10707,67.64,69.31,10.75,45.0,0,Autumn,40.0,40.0,20.0,0.0
2023-09-11,10243,30073,12698,11462,70.6,71.4,8.4,30.0,0,Autumn,20.0,20.0,0.0,60.0
2023-09-12,8738,28394,7270,10163,69.05,69.6,7.3,15.0,0,Autumn,60.0,40.0,0.0,0.0
2023-09-13,8985,29533,9022,11136,67.68,70.89,10.1,40.0,0,Autumn,0.0,40.0,40.0,20.0
2023-09-14,9470,32426,7135,10798,68.8,71.1,9.75,35.0,0,Autumn,20.0,20.0,0.0,60.0
2023-09-15,9386,30628,9474,10891,67.2,68.68,11.05,50.0,0,Autumn,80.0,20.0,0.0,0.0
2023-09-16,8957,30193,9161,10179,67.94,68.81,8.9,35.0,0,Autumn,0.0,60.0,20.0,20.0
2023-09-17,9660,29524,9359,10944,69.51,72.2,8.8,35.0,0,Autumn,100.0,0.0,0.0,0.0
2023-09-18,9173,28912,12366,10400,67.09,69.04,10.2,40.0,0,Autumn,20.0,80.0,0.0,0.0
2023-09-19,9438,27571,8327,10923,69.64,71.69,8.2,35.0,0,Autumn,40.0,20.0,20.0,20.0
2023-09-20,8596,26525,7951,10327,69.9,70.79,6.55,15.0,0,Autumn,0.0,40.0,20.0,40.0
2023-09-21,8888,30562,8606,10494,68.97,71.01,7.85,20.0,0,Autumn,20.0,40.0,0.0,40.0
2023-09-22,9732,33014,10577,11195,66.9,69.05,12.35,60.0,0,Autumn,20.0,20.0,40.0,20.0
2023-09-23,10911,29502,12656,11964,71.2,73.51,10.0,45.0,0,Autumn,40.0,0.0,0.0,60.0
2023-09-24,8479,28729,8307,10261,67.14,68.4,8.9,35.0,0,Autumn,0.0,40.0,40.0,20.0
2023-09-25,9386,29296,6101,10739,69.3,71.79,8.3,30.0,0,Autumn,20.0,0.0,40.0,40.0
2023-09-26,8860,31527,5163,10070,67.84,69.95,7.85,20.0,0,Autumn,60.0,20.0,20.0,0.0
2023-09-27,9144,31800,13395,10686,68.14,69.08,9.0,35.0,0,Autumn,40.0,20.0,40.0,0.0
2023-09-28,9341,29170,8855,10866,68.17,70.0,10.9,50.0,0,Autumn,40.0,20.0,20.0,20.0
2023-09-29,8721,27686,7939,10336,70.38,71.13,4.9,0.0,0,Autumn,40.0,20.0,0.0,40.0
2023-09-30,7723,28705,6896,9041,68.17,71.95,4.4,0.0,0,Autumn,0.0,20.0,60.0,20.0
2023-10-01,9429,29992,10553,10647,69.58,70.32,7.95,25.0,0,Autumn,0.0,60.0,0.0,40.0
2023-10-02,10394,28339,14983,12369,69.09,71.95,12.15,55.0,0,Autumn,20.0,20.0,0.0,60.0
2023-10-03,8685,26487,6045,9897,67.5,69.56,7.9,30.0,0,Autumn,40.0,40.0,20.0,0.0
2023-10-04,9141,28220,7713,10547,68.69,71.08,8.35,30.0,0,Autumn,60.0,40.0,0.0,0.0
2023-10-05,9259,31574,8337,10346,68.69,71.48,7.15,25.0,0,Autumn,0.0,0.0,60.0,40.0
2023-10-06,9354,30431,10812,10798,69.49,71.11,8.25,25.0,0,Autumn,60.0,20.0,0.0,20.0
2023-10-07,5501,29252,2672,6534,58.92,60.63,9.95,40.0,1,Autumn,0.0,80.0,20.0,0.0
2023-10-08,6050,30890,4437,7036,59.38,60.8,10.0,45.0,1,Autumn,40.0,40.0,0.0,20.0
2023-10-09,6131,30900,4589,6819,59.34,60.34,9.75,35.0,1,Autumn,60.0,20.0,0.0,20.0
2023-10-10,5614,32197,4847,6423,58.87,62.71,9.5,35.0,1,Autumn,40.0,40.0,20.0,0.0
2023-10-11,5770,30109,3551,6792,60.44,62.14,7.8,25.0,1,Autumn,0.0,40.0,20.0,40.0
2023-10-12,6613,29204,6697,7446,60.23,62.39,11.15,55.0,1,Autumn,20.0,60.0,0.0,20.0
2023-10-13,5858,27556,5877,6855,60.03,60.35,9.3,35.0,1,Autumn,20.0,20.0,40.0,20.0
2023-10-14,5805,25492,4956,6704,59.57,61.68,10.4,40.0,1,Autumn,0.0,80.0,0.0,20.0
2023-10-15,5847,23809,6139,6942,61.77,63.92,6.6,15.0,1,Autumn,40.0,40.0,0.0,20.0
2023-10-16,5509,25601,3706,6348,61.11,63.35,6.9,20.0,1,Autumn,40.0,40.0,20.0,0.0
2023-10-17,6904,24172,8119,7726,61.41,61.96,11.3,45.0,1,Autumn,40.0,0.0,20.0,40.0
2023-10-18,5991,23317,4901,6990,58.42,60.14,12.4,60.0,1,Autumn,40.0,40.0,20.0,0.0
2023-10-19,6461,23967,6531,7256,59.95,60.32,11.25,55.0,1,Autumn,0.0,20.0,40.0,40.0
2023-10-20,5932,24009,4835,6584,59.32,62.04,8.65,30.0,1,Autumn,0.0,0.0,60.0,40.0
2023-10-21,6096,23448,7003,7074,60.51,61.75,9.35,40.0,1,Autumn,40.0,0.0,20.0,40.0
2023-10-22,5854,22751,3982,6491,58.84,60.45,9.95,30.0,1,Autumn,40.0,0.0,40.0,20.0
2023-10-23,6466,23154,8827,7341,60.47,62.06,11.75,55.0,1,Autumn,40.0,0.0,40.0,20.0
2023-10-24,5117,21901,3682,5859,60.73,60.63,6.75,15.0,1,Autumn,0.0,0.0,80.0,20.0
2023-10-25,9648,22738,19452,11583,69.88,71.69,9.75,40.0,0,Autumn,60.0,0.0,20.0,20.0
2023-10-26,8793,19547,13334,11402,67.86,69.24,11.1,40.0,0,Autumn,60.0,0.0,0.0,40.0
2023-10-27,8842,21380,9748,10899,71.01,71.58,7.05,15.0,0,Autumn,20.0,0.0,0.0,80.0
2023-10-28,9825,25404,11191,12170,69.77,72.33,10.35,40.0,0,Autumn,0.0,0.0,40.0,60.0
2023-10-29,8376,30536,5620,9843,69.06,70.24,5.0,0.0,0,Autumn,40.0,0.0,20.0,40.0
2023-10-30,8096,32691,4527,9452,68.73,70.34,4.6,0.0,0,Autumn,40.0,40.0,20.0,0.0
2023-10-31,7913,34235,7167,9417,69.17,72.47,4.55,0.0,0,Autumn,0.0,60.0,0.0,40.0
2023-11-01,9548,32324,11625,11037,69.32,70.42,10.0,40.0,0,Autumn,20.0,80.0,0.0,0.0
2023-11-02,10028,29479,12570,11849,69.97,71.65,10.15,40.0,0,Autumn,20.0,0.0,0.0,80.0
2023-11-03,9426,28204,8412,10628,65.77,68.68,11.45,50.0,0,Autumn,40.0,60.0,0.0,0.0
2023-11-04,9049,26164,9400,10763,67.25,67.78,10.5,40.0,0,Autumn,20.0,0.0,60.0,20.0
2023-11-05,9015,30084,8933,10618,68.1,69.59,10.15,40.0,0,Autumn,40.0,0.0,60.0,0.0
2023-11-06,8009,29832,5279,9587,68.7,69.09,6.05,10.0,0,Autumn,0.0,20.0,80.0,0.0
2023-11-07,9219,31962,10047,10765,69.18,72.19,8.2,25.0,0,Autumn,20.0,0.0,40.0,40.0
2023-11-08,9449,30969,10317,11283,67.04,69.1,11.75,50.0,0,Autumn,20.0,0.0,40.0,40.0
2023-11-09,9277,28926,9557,10701,68.31,68.44,9.45,35.0,0,Autumn,20.0,60.0,20.0,0.0
2023-11-10,9052,27872,9291,10396,67.29,69.4,9.35,35.0,0,Autumn,20.0,60.0,0.0,20.0
2023-11-11,9641,29046,9246,11353,69.93,71.92,8.4,30.0,0,Autumn,0.0,40.0,20.0,40.0
2023-11-12,9460,30293,10086,11309,67.82,69.67,11.45,45.0,0,Autumn,20.0,40.0,0.0,40.0
2023-11-13,9078,30490,7996,10543,67.46,68.82,9.6,35.0,0,Autumn,40.0,0.0,40.0,20.0
2023-11-14,9093,30224,10238,10239,67.01,70.0,9.45,35.0,0,Autumn,20.0,40.0,40.0,0.0
2023-11-15,9512,29319,9990,11353,68.41,70.56,11.1,50.0,0,Autumn,0.0,20.0,40.0,40.0
2023-11-16,8987,29890,7672,10298,70.55,71.93,6.05,15.0,0,Autumn,80.0,0.0,20.0,0.0
2023-11-17,8605,29759,6832,9934,68.3,68.86,7.95,30.0,0,Autumn,20.0,0.0,60.0,20.0
2023-11-18,9714,30887,12788,11587,68.09,69.9,12.85,60.0,0,Autumn,0.0,0.0,40.0,60.0
2023-11-19,9362,29107,10594,11272,69.69,71.17,8.95,35.0,0,Autumn,40.0,0.0,0.0,60.0
2023-11-20,8715,29147,5381,9817,68.44,67.23,9.05,30.0,0,Autumn,20.0,80.0,0.0,0.0
2023-11-21,9086,29676,10738,10578,67.23,68.44,10.3,40.0,0,Autumn,20.0,20.0,20.0,40.0
2023-11-22,9483,30292,8859,11307,69.99,70.9,9.95,35.0,0,Autumn,40.0,0.0,20.0,40.0
2023-11-23,9376,30066,8447,11080,67.69,70.14,11.2,50.0,0,Autumn,40.0,60.0,0.0,0.0
2023-11-24,8838,30621,8628,10316,68.02,69.16,7.7,20.0,0,Autumn,80.0,0.0,20.0,0.0
2023-11-25,8591,28894,9097,10158,66.97,69.73,9.7,35.0,0,Autumn,0.0,40.0,60.0,0.0
2023-11-26,9044,30436,9155,10354,67.45,67.7,9.6,40.0,0,Autumn,0.0,20.0,40.0,40.0
2023-11-27,9540,29712,11240,11318,70.57,72.36,8.35,25.0,0,Autumn,20.0,20.0,0.0,60.0
2023-11-28,8404,28924,6675,9905,67.18,70.28,8.15,25.0,0,Autumn,20.0,60.0,20.0,0.0
2023-11-29,9197,30768,8798,10610,72.22,74.25,4.8,0.0,0,Autumn,0.0,20.0,0.0,80.0
2023-11-30,8776,29654,6623,9890,70.35,72.18,4.85,0.0,0,Autumn,60.0,40.0,0.0,0.0
2023-12-01,9466,29728,14895,11626,70.12,70.72,10.5,40.0,0,Winter,40.0,0.0,20.0,40.0
2023-12-02,10362,28343,11352,11816,70.0,71.88,10.3,45.0,0,Winter,80.0,0.0,20.0,0.0
2023-12-03,9483,27230,7488,11143,68.96,71.04,9.05,35.0,0,Winter,40.0,0.0,40.0,20.0
2023-12-04,9687,30119,9224,11150,68.95,70.99,10.5,40.0,0,Winter,40.0,0.0,20.0,40.0
2023-12-05,9129,32381,11034,10942,69.55,71.62,8.9,35.0,0,Winter,40.0,0.0,20.0,40.0
2023-12-06,11327,32452,14588,12701,71.17,72.14,11.55,55.0,0,Winter,0.0,0.0,0.0,100.0
2023-12-07,9915,29068,8240,11461,71.69,72.62,7.05,20.0,0,Winter,60.0,0.0,0.0,40.0
2023-12-08,9430,30436,7334,10967,69.95,72.02,8.9,30.0,0,Winter,60.0,0.0,40.0,0.0
2023-12-09,8769,32403,4197,10302,66.96,69.19,9.95,35.0,0,Winter,0.0,0.0,60.0,40.0
2023-12-10,9624,33344,10920,10770,67.93,69.61,9.75,35.0,0,Winter,20.0,0.0,80.0,0.0
2023-12-11,8767,32475,7972,9679,65.11,67.9,11.0,40.0,0,Winter,0.0,0.0,100.0,0.0
2023-12-12,9584,29698,14299,11853,69.15,71.1,11.85,55.0,0,Winter,0.0,0.0,60.0,40.0
2023-12-13,10508,28180,9898,11992,71.76,73.26,8.55,25.0,0,Winter,20.0,0.0,0.0,80.0
2023-12-14,9745,28734,9436,11385,70.73,73.22,7.3,20.0,0,Winter,40.0,0.0,0.0,60.0
2023-12-15,9090,30080,8825,10994,68.03,70.65,10.3,40.0,0,Winter,0.0,0.0,80.0,20.0
2023-12-16,9161,31737,10576,10445,66.44,69.03,10.45,40.0,0,Winter,40.0,0.0,40.0,20.0
2023-12-17,9184,31709,7194,11106,68.3,69.97,10.95,50.0,0,Winter,80.0,0.0,20.0,0.0
2023-12-18,10282,30024,11993,11890,71.16,73.67,9.35,35.0,0,Winter,40.0,0.0,20.0,40.0
2023-12-19,9249,29564,10314,11331,71.06,72.1,7.9,30.0,0,Winter,20.0,0.0,20.0,60.0
2023-12-20,8916,32620,8567,10632,70.11,71.67,8.0,25.0,0,Winter,0.0,0.0,80.0,20.0
2023-12-21,10693,34590,10543,12396,71.81,74.95,9.35,30.0,0,Winter,20.0,0.0,0.0,80.0
2023-12-22,9783,31825,9949,11691,68.72,70.25,10.75,50.0,0,Winter,20.0,0.0,40.0,40.0
2023-12-23,9588,32807,6393,11032,67.77,68.39,9.6,40.0,0,Winter,20.0,0.0,80.0,0.0
2023-12-24,10491,31829,12181,11920,70.09,72.76,9.25,35.0,0,Winter,40.0,0.0,20.0,40.0
2023-12-25,8639,32483,7908,9871,67.47,71.27,8.1,25.0,0,Winter,20.0,0.0,80.0,0.0
2023-12-26,9687,31478,9252,11544,70.89,72.4,8.0,25.0,0,Winter,20.0,0.0,40.0,40.0
2023-12-27,6136,27754,4281,7180,60.79,61.74,10.4,40.0,1,Winter,20.0,0.0,60.0,20.0
2023-12-28,6029,35655,3604,7006,61.31,64.26,7.6,25.0,1,Winter,20.0,0.0,40.0,40.0
2023-12-29,6267,33798,4955,6941,64.13,65.35,4.1,0.0,1,Winter,0.0,0.0,40.0,60.0
2023-12-30,5316,31835,4052,6223,61.89,62.96,4.95,0.0,1,Winter,40.0,0.0,40.0,20.0
2023-12-31,5783,31590,3292,6400,62.28,64.03,4.8,0.0,1,Winter,40.0,0.0,20.0,40.0
2024-01-01,6030,30622,4612,6934,60.4,61.86,8.95,35.0,1,Winter,80.0,0.0,0.0,20.0
2024-01-02,6106,27866,5073,7175,61.93,63.87,7.5,25.0,1,Winter,40.0,0.0,20.0,40.0
2024-01-03,6268,28366,5994,7110,60.26,62.04,10.3,40.0,1,Winter,60.0,0.0,40.0,0.0
2024-01-04,5661,25711,5880,6430,59.55,63.04,9.0,35.0,1,Winter,20.0,0.0,60.0,20.0
2024-01-05,6598,23559,8468,7707,59.79,61.81,12.25,55.0,1,Winter,20.0,0.0,0.0,80.0
2024-01-06,6655,23330,5825,7302,61.09,62.83,9.0,25.0,1,Winter,80.0,0.0,0.0,20.0
2024-01-07,6003,22634,6362,6946,60.97,62.06,8.45,35.0,1,Winter,20.0,0.0,60.0,20.0
2024-01-08,5620,23578,6349,7143,61.2,62.41,9.6,40.0,1,Winter,40.0,0.0,20.0,40.0
2024-01-09,8533,25413,11487,10083,66.17,69.09,9.5,40.0,0,Winter,20.0,0.0,80.0,0.0
2024-01-10,8277,24166,13423,10060,67.37,69.23,8.2,30.0,0,Winter,40.0,0.0,60.0,0.0
2024-01-11,9323,24308,12258,11324,68.2,70.67,11.05,40.0,0,Winter,0.0,0.0,60.0,40.0
2024-01-12,8508,23753,8417,10648,68.96,69.2,8.8,25.0,0,Winter,60.0,0.0,20.0,20.0
2024-01-13,9926,28303,8805,11844,69.85,71.47,10.75,40.0,0,Winter,60.0,0.0,0.0,40.0
2024-01-14,8990,29311,8806,10186,69.22,71.73,6.55,15.0,0,Winter,60.0,0.0,40.0,0.0
2024-01-15,8671,31230,8628,10523,68.29,70.79,7.6,15.0,0,Winter,80.0,0.0,0.0,20.0
2024-01-16,9078,30333,8477,10437,65.97,67.25,12.3,55.0,0,Winter,20.0,0.0,80.0,0.0
2024-01-17,8736,30081,8462,10122,66.81,67.95,10.1,35.0,0,Winter,60.0,0.0,40.0,0.0
2024-01-18,9429,31662,10559,11301,69.76,71.47,8.75,30.0,0,Winter,20.0,0.0,20.0,60.0
2024-01-19,7990,32637,5923,9017,66.18,67.82,7.5,25.0,0,Winter,0.0,0.0,80.0,20.0
2024-01-20,10914,31192,14459,12846,73.18,74.82,10.25,45.0,0,Winter,0.0,0.0,0.0,100.0
2024-01-21,8563,29075,7302,10348,66.69,68.81,11.3,45.0,0,Winter,40.0,0.0,60.0,0.0
2024-01-22,9639,29818,13735,11927,70.53,72.17,9.8,40.0,0,Winter,20.0,0.0,20.0,60.0
2024-01-23,8370,31512,4821,9479,66.25,68.71,8.3,25.0,0,Winter,40.0,0.0,60.0,0.0
2024-01-24,10051,31866,9095,11386,67.1,68.78,12.85,55.0,0,Winter,40.0,0.0,40.0,20.0
2024-01-25,10028,31476,8124,11794,71.14,72.89,8.25,30.0,0,Winter,20.0,0.0,0.0,80.0
2024-01-26,9184,32925,10185,11182,70.84,72.66,8.85,30.0,0,Winter,40.0,0.0,20.0,40.0
2024-01-27,9598,32092,10240,11540,67.48,70.91,11.65,55.0,0,Winter,20.0,0.0,60.0,20.0
2024-01-28,9942,29358,11343,11440,69.9,72.16,9.25,35.0,0,Winter,80.0,0.0,0.0,20.0
2024-01-29,8802,29578,6091,10268,71.06,70.19,5.1,0.0,0,Winter,40.0,0.0,40.0,20.0
2024-01-30,8425,29049,5170,9657,70.14,70.39,4.85,0.0,0,Winter,0.0,0.0,80.0,20.0
